id,first_name,last_name,email,gender,zip,income,movies
1,Mariette,McCabe,mmccabe0@google.co.jp,Genderfluid,658065,$31695.14,Ludwig
2,Andrey,Erley,aerley1@yellowbook.com,Agender,,$66249.68,Dororo
3,Gustavo,Antoszewski,gantoszewski2@feedburner.com,Male,33150,$21292.77,"Discovery of Heaven, The"
4,Jonell,Romeril,jromeril3@japanpost.jp,Bigender,4485-824,$52098.38,Her Alibi
5,Pru,Laurance,plaurance4@timesonline.co.uk,Female,79104 CEDEX,$80674.04,Bottle Shock
6,Farleigh,Beardsworth,fbeardsworth5@ted.com,Male,,$35681.32,The Stranger's Return
7,,Shottin,lshottin6@stanford.edu,Genderqueer,,,
8,Kim,Dumpleton,kdumpleton7@narod.ru,Bigender,582 81,$49914.60,"Full Monty, The"
9,Ximenes,Matthews,xmatthews8@csmonitor.com,Agender,,$70137.22,Wrestling for Jesus: The Tale of T-Money
10,Gerek,Lere,glere9@princeton.edu,Non-binary,155150,$19256.85,Return to Peyton Place
11,Lavinie,Jakuszewski,ljakuszewskia@infoseek.co.jp,Polygender,,$13637.49,Sister My Sister
12,Esdras,Brantl,ebrantlb@wufoo.com,Female,,$79350.75,"Winning Team, The"
13,Stacie,McNickle,smcnicklec@yolasite.com,Male,,$54892.17,Caddyshack II
14,Michaeline,Swinfen,mswinfend@soundcloud.com,Non-binary,,$61912.84,Sextette
15,Shandy,Aspinal,saspinale@elegantthemes.com,Female,3010,$60806.67,Frank and Ollie
16,Ellis,Idwal Evans,eidwalevansf@vimeo.com,Female,9303,$9497.16,Nightmare
17,Humfrid,Rohlfing,hrohlfingg@shop-pro.jp,Genderfluid,,$80068.71,Fudoh: The New Generation (Gokudô sengokushi: Fudô)
18,Anjanette,Pietrowski,apietrowskih@unesco.org,Female,,$28326.17,Love Don't Cost a Thing
19,Ezmeralda,MacGilpatrick,emacgilpatricki@hao123.com,Genderqueer,,$27759.22,"Visit, The"
20,Trish,Renehan,trenehanj@gov.uk,Bigender,,$75218.73,Heartbreak Hospital
21,Cammy,Tatlowe,ctatlowek@mac.com,Genderfluid,,$58349.13,One Small Hitch
22,Hewet,Parsall,hparsalll@si.edu,Male,,$52781.69,Craig Ferguson: I'm Here To Help
23,Robinett,Galiford,rgalifordm@nationalgeographic.com,Female,F45,$80648.87,Cradle 2 the Grave
24,Dalia,Hoggins,dhogginsn@nhs.uk,Bigender,,$39322.69,Off the Map
25,Bel,Kerrich,bkerricho@archive.org,Genderfluid,11130,$9896.39,Miss You Can Do It
26,,Link,hlinkp@webs.com,Genderfluid,,,
27,Wilmar,Feyer,wfeyerq@discuz.net,Genderfluid,,$27450.22,13B
28,Alfons,Wash,awashr@tuttocitta.it,Genderfluid,,$20906.50,Leningrad Cowboys Meet Moses
29,Molli,Caunt,mcaunts@squidoo.com,Bigender,,$85123.83,Stuart Little 2
30,Raviv,McLinden,rmclindent@netscape.com,Bigender,591 46,$81962.77,Children of the Damned
31,Layne,Clackers,lclackersu@free.fr,Male,4125,$42408.54,A Cinderella Story: Once Upon a Song
32,Maribeth,Crinkley,mcrinkleyv@mozilla.com,Male,,$76627.59,"Life of David Gale, The"
33,Claribel,Cuddy,ccuddyw@icio.us,Female,,$69227.36,Smokey and the Bandit III
34,Dennison,Murricanes,dmurricanesx@ameblo.jp,Bigender,,$6802.47,Brooklyn
35,Roselin,Ready,rreadyy@php.net,Genderqueer,47207,$5542.73,Blind Beast (Môjuu)
36,Marcus,Thies,mthiesz@cocolog-nifty.com,Male,8309,$59017.00,Student Bodies
37,Zerk,Jeanon,zjeanon10@va.gov,Male,763 15,$30220.50,Doomed to Die
38,Gerrard,Linsey,glinsey11@google.co.uk,Male,95098,$88175.98,Angels & Demons
39,Lotti,Cuffley,lcuffley12@joomla.org,Male,,$73548.28,"Legend of Lizzie Borden, The"
40,Saudra,Isaacson,sisaacson13@imdb.com,Male,7031,$42473.50,"Paper Chase, The"
41,Myer,Grent,mgrent14@dailymail.co.uk,Genderfluid,,$15935.32,Grease
42,Floyd,Giovanazzi,fgiovanazzi15@infoseek.co.jp,Agender,,$12607.60,Dredd
43,Odo,Hovel,ohovel16@is.gd,Genderfluid,2715-217,$67734.64,Afterschool
44,Renee,Lello,rlello17@a8.net,Female,34-212,$1230.38,Not My Type
45,Hildy,Lind,hlind18@biblegateway.com,Agender,5417,$64298.60,Bus Stop
46,Jacob,Greening,jgreening19@google.com.au,Non-binary,,$82932.40,A Christmas Kiss
47,Sophey,Simonini,ssimonini1a@blogtalkradio.com,Bigender,,$22889.36,Follow Me Quietly
48,Alwyn,Cambridge,acambridge1b@mysql.com,Male,,$65604.68,Inherent Vice
49,Husein,Buten,hbuten1c@addtoany.com,Genderqueer,,$51735.18,In Their Sleep (Dans ton sommeil)
50,,Pochet,gpochet1d@desdev.cn,Agender,,,
51,Jacquie,Climpson,jclimpson1e@yelp.com,Genderfluid,,$58391.46,God of Cookery (Sik san)
52,Carrissa,Peyes,cpeyes1f@microsoft.com,Bigender,93420,$79071.10,American Virgin
53,Peter,Trask,ptrask1g@tumblr.com,Bigender,32627,$14711.79,Esther Kahn
54,Conn,Gosland,cgosland1h@cafepress.com,Female,,$75438.25,"Personal Journey with Martin Scorsese Through American Movies, A"
55,Gustaf,Buchett,gbuchett1i@macromedia.com,Genderfluid,,$66372.43,"Nights of Cabiria (Notti di Cabiria, Le)"
56,Alic,Warr,awarr1j@elpais.com,Female,164509,$86551.13,"Sisterhood of the Traveling Pants, The"
57,Kleon,Gidden,kgidden1k@earthlink.net,Non-binary,,$89793.31,Material Girls
58,Augustin,Berriball,aberriball1l@cnn.com,Genderqueer,37440-000,$9772.50,Vampire Apocalypse
59,Charlie,Luis,cluis1m@intel.com,Agender,,$27434.88,Goodbye to Language 3D
60,Maddie,Baggs,mbaggs1n@virginia.edu,Polygender,,$62941.11,In My Sleep
61,Frannie,Axston,faxston1o@japanpost.jp,Bigender,,$33006.30,Bohemian Eyes (Boheemi elää - Matti Pellonpää)
62,Westbrooke,Suermeier,wsuermeier1p@cpanel.net,Genderfluid,63000-000,$32672.40,Atrocious
63,Camille,Murrie,cmurrie1q@oakley.com,Polygender,,$39602.60,Gorillas in the Mist
64,Taffy,Marton,tmarton1r@bing.com,Genderqueer,357560,$2210.95,Better Living Through Chemistry
65,Jenilee,Agostini,jagostini1s@dot.gov,Bigender,,$49515.97,Battlefield Earth
66,Grayce,Langdale,glangdale1t@baidu.com,Polygender,789 85,$85169.49,"Crowd Roars, The"
67,Hannie,Shermore,hshermore1u@shareasale.com,Polygender,989-1323,$1882.75,Shakthi: The Power
68,Amalle,Eliet,aeliet1v@mapy.cz,Bigender,692385,$8168.53,Hellraiser: Bloodline
69,Guthrie,Obell,gobell1w@meetup.com,Bigender,,$43497.48,"Magic of Ordinary Days, The"
70,Remus,Dodamead,rdodamead1x@blinklist.com,Male,5449,$516.21,In a Lonely Place
71,Dorri,Gaywood,dgaywood1y@constantcontact.com,Genderfluid,,$14561.10,"Little Foxes, The"
72,,Cockley,ncockley1z@shinystat.com,Male,,,
73,Jarred,Denizet,jdenizet20@walmart.com,Male,4004,$64557.41,Frankie and Johnny
74,Brad,Tesimon,btesimon21@fotki.com,Male,7460,$82004.45,"Bodyguard, The"
75,Shannon,Haughian,shaughian22@ucoz.ru,Genderfluid,,$86370.16,Macon County Line
76,Dorthy,Masey,dmasey23@cnn.com,Female,,$66055.98,Jinxed!
77,Annnora,Mordy,amordy24@tinypic.com,Genderfluid,264 36,$68963.73,Ismael
78,Trever,Byars,tbyars25@prlog.org,Bigender,,$27779.20,Young Cassidy
79,Cordula,Prandin,cprandin26@alibaba.com,Polygender,,$2557.19,Empire of Dreams: The Story of the 'Star Wars' Trilogy
80,Humfrid,Dangl,hdangl27@fotki.com,Genderfluid,3070-505,$49738.93,Female Agents (Les femmes de l'ombre)
81,Elysha,Spurrior,espurrior28@i2i.jp,Genderfluid,851 06,$25886.57,City Lights
82,Appolonia,Blaxlande,ablaxlande29@samsung.com,Bigender,,$3707.06,Blood Shack
83,Hamnet,Sweedland,hsweedland2a@biblegateway.com,Female,,$7953.23,Topkapi
84,Jermayne,Tynemouth,jtynemouth2b@cargocollective.com,Agender,1980,$28728.03,Cry Baby Lane
85,Daffie,O'Ferris,doferris2c@addtoany.com,Non-binary,56000-000,$28590.45,When a Stranger Calls
86,Blinni,Janman,bjanman2d@engadget.com,Non-binary,,$58917.52,Catfish in Black Bean Sauce
87,Megan,Lawless,mlawless2e@ycombinator.com,Agender,27-215,$85149.15,"George Lopez: It's Not Me, It's You"
88,Gran,Mervyn,gmervyn2f@behance.net,Female,879-0444,$14441.89,Midnight Clear
89,Moyra,Gooden,mgooden2g@ftc.gov,Bigender,,$28321.08,Legally Blonde
90,Kinny,Rousel,krousel2h@spiegel.de,Genderfluid,15002,$63355.90,"Blue Dahlia, The"
91,Cordell,Grigore,cgrigore2i@statcounter.com,Agender,,$42432.96,"Scarecrow, The"
92,Mirella,Jeff,mjeff2j@comcast.net,Polygender,,$43723.85,Fragile
93,Jordan,Durkin,jdurkin2k@goodreads.com,Bigender,979-1501,$74374.82,My Father the Hero
94,Nealy,Stoller,nstoller2l@wix.com,Polygender,,$5474.22,"Children of Glory (Szabadság, szerelem)"
95,Roosevelt,Kilbourne,rkilbourne2m@tinypic.com,Male,4514,$54286.46,Dead Alive (Braindead)
96,Alvera,Mougenel,amougenel2n@amazon.com,Agender,,$46396.54,"Lives of Others, The (Das leben der Anderen)"
97,Den,Doiley,ddoiley2o@blogtalkradio.com,Genderfluid,,$75959.72,Amadeus
98,Sammy,Dragge,sdragge2p@harvard.edu,Genderfluid,2515,$1163.32,Falling in Love Again
99,Karolina,Paulley,kpaulley2q@lulu.com,Agender,463-0015,$55605.04,Over My Dead Body
100,Rafaelia,Duckels,rduckels2r@paypal.com,Female,,$42230.37,"Impossible, The (Imposible, Lo)"
101,Cybill,Cheetam,ccheetam2s@odnoklassniki.ru,Female,,$10640.91,Water
102,Lanie,Northway,lnorthway2t@histats.com,Bigender,243371,$18373.83,Summer of the Monkeys
103,Viva,Fritzer,vfritzer2u@msu.edu,Non-binary,,$69553.45,Spring is Here
104,Devy,Mawson,dmawson2v@virginia.edu,Non-binary,,$31957.83,"Day of the Triffids, The"
105,Auberon,Coldtart,acoldtart2w@list-manage.com,Non-binary,143082,$19845.06,"Deer Hunter, The"
106,Jemie,Durno,jdurno2x@google.co.jp,Male,5507,$7489.96,High Strung
107,Tad,Reynold,treynold2y@amazon.co.jp,Polygender,457151,$52226.50,Love Happens
108,Sibilla,Calcutt,scalcutt2z@cam.ac.uk,Agender,6413,$32940.12,Space Battleship Yamato
109,Talbot,Sudddard,tsudddard30@godaddy.com,Bigender,,$14568.24,Gold of Rome (L'oro di Roma)
110,,Tapner,mtapner31@utexas.edu,Male,,,
111,Obadias,Rains,orains32@liveinternet.ru,Genderqueer,,$66756.29,"One Potato, Two Potato"
112,,Hutchison,vhutchison33@slideshare.net,Female,,,
113,Noble,Goodfellowe,ngoodfellowe34@icio.us,Agender,,$683.96,What Richard Did
114,Delphinia,Taffarello,dtaffarello35@si.edu,Genderfluid,514 42,$7869.53,Landscape in the Mist (Topio stin omichli)
115,Stephine,Martino,smartino36@rakuten.co.jp,Female,,$27276.34,How to Be a Man
116,Mateo,Dishmon,mdishmon37@marriott.com,Polygender,691 53,$63078.67,Black Peter (Cerný Petr)
117,Maegan,Guiet,mguiet38@hexun.com,Non-binary,,$15303.07,Polite People (Kurteist fólk)
118,Linet,Guly,lguly39@mozilla.org,Polygender,,$88834.96,Doc Hollywood
119,Isadore,Hards,ihards3a@adobe.com,Genderqueer,,$26110.87,Big Fat Liar
120,Carlye,Cuskery,ccuskery3b@slideshare.net,Polygender,03009,$84871.68,After the Wedding (Efter brylluppet)
121,Imogene,Skudder,iskudder3c@gmpg.org,Bigender,,$29352.35,Candles on Bay Street 
122,Dasi,Beaze,dbeaze3d@si.edu,Genderfluid,68239,$61730.76,Walter Defends Sarajevo (Valter brani Sarajevo)
123,Sterne,Smethurst,ssmethurst3e@homestead.com,Polygender,07-310,$32009.81,Bicycle Thieves (a.k.a. The Bicycle Thief) (a.k.a. The Bicycle Thieves) (Ladri di biciclette)
124,Carole,Sneesbie,csneesbie3f@nationalgeographic.com,Agender,,$56658.73,Franklyn
125,Frannie,Cashen,fcashen3g@google.ru,Bigender,47-344,$373.00,Gods of the Plague (Götter der Pest)
126,Melva,Rackstraw,mrackstraw3h@youku.com,Non-binary,31120,$16264.61,Mister Johnson
127,Zilvia,Knudsen,zknudsen3i@squarespace.com,Non-binary,357 09,$86423.49,"Year My Parents Went on Vacation, The (O Ano em Que Meus Pais Saíram de Férias)"
128,Hanson,Faull,hfaull3j@jiathis.com,Female,152240,$7302.47,Dead Man's Shoes
129,Flora,Pavolillo,fpavolillo3k@issuu.com,Agender,2655-121,$56691.63,Foreign Correspondent
130,Ardyth,Kenset,akenset3l@biblegateway.com,Polygender,,$55347.32,Vieraalla maalla
131,Guthry,Bestwerthick,gbestwerthick3m@chronoengine.com,Genderfluid,,$67470.86,Puzzlehead
132,Paxton,Tookill,ptookill3n@t-online.de,Bigender,21450,$28797.62,Young Tom Edison
133,Gillian,Coushe,gcoushe3o@blogger.com,Genderqueer,40250,$9106.76,"Bakery Girl of Monceau, The (La boulangère de Monceau)"
134,Kip,Ogers,kogers3p@mapy.cz,Agender,,$623.96,Nutty Professor II: The Klumps
135,Milo,Draycott,mdraycott3q@loc.gov,Female,,$83813.37,Chicken Little
136,Stevana,Van der Hoeven,svanderhoeven3r@rediff.com,Genderqueer,12071,$26344.02,Canyon Passage
137,Britni,Burley,bburley3s@geocities.com,Polygender,,$42448.26,Circle of Friends
138,Ambrosi,Nathon,anathon3t@delicious.com,Non-binary,,$86652.41,The Last of the Finest
139,Axe,Chubb,achubb3u@princeton.edu,Non-binary,,$19106.35,Hit Lady
140,Veronika,Lawrinson,vlawrinson3v@discuz.net,Genderfluid,3513,$13755.22,How to Make an American Quilt
141,Boote,Lygo,blygo3w@wufoo.com,Genderfluid,,$33639.80,Death Before Dishonor
142,Ede,O'Cosgra,eocosgra3x@psu.edu,Bigender,,$81802.55,The Six Million Dollar Man
143,Evaleen,Foltin,efoltin3y@eepurl.com,Agender,MD-2089,$4312.99,With Byrd at the South Pole
144,Ashton,Brammall,abrammall3z@home.pl,Genderfluid,12009,$18862.31,Santa Buddies
145,Willi,Roth,wroth40@cargocollective.com,Genderfluid,59700-000,$80229.51,Dr. Terror's House of Horrors
146,Salmon,Topaz,stopaz41@amazon.com,Agender,,$73972.33,Kummeli Alivuokralainen
147,Terra,Lindstrom,tlindstrom42@ovh.net,Male,,$58936.42,Transamerica
148,Sherie,Frensch,sfrensch43@taobao.com,Genderqueer,151 22,$10206.54,"Shop on Main Street, The (Obchod na korze)"
149,Maxy,Wincer,mwincer44@newyorker.com,Genderfluid,,$24594.95,Extreme Measures
150,Tybie,Piddle,tpiddle45@taobao.com,Female,,$15807.76,"Kiss Me, Guido"
151,Hendrick,Vairow,hvairow46@npr.org,Polygender,,$74341.87,"Comancheros, The"
152,,Cavet,dcavet47@linkedin.com,Non-binary,,,
153,Nanine,Harfoot,nharfoot48@diigo.com,Male,155126,$31185.21,Seconds
154,,Exall,kexall49@ed.gov,Genderfluid,,,
155,Mariquilla,Ambrogi,mambrogi4a@bing.com,Polygender,,$48231.85,"Caiman, The (Il caimano)"
156,Hermann,Chipping,hchipping4b@clickbank.net,Non-binary,11203,$20459.48,"I Love You, Alice B. Toklas!"
157,Nertie,Bour,nbour4c@paypal.com,Bigender,,$15280.81,Boy Culture
158,Obidiah,Lemonby,olemonby4d@apache.org,Polygender,78-301,$48676.18,"Ordeal, The (Calvaire)"
159,Arturo,Houlworth,ahoulworth4e@bloglovin.com,Female,427650,$61758.01,"Autobiography of Miss Jane Pittman, The"
160,Bobbe,Readitt,breaditt4f@adobe.com,Non-binary,14922 CEDEX 9,$35214.49,Leave
161,Eadith,O'Keaveny,eokeaveny4g@blogspot.com,Male,,$6998.97,Smitty
162,Dael,Corballis,dcorballis4h@rakuten.co.jp,Female,,$1820.79,Carry on Screaming!
163,Dennie,Pitrelli,dpitrelli4i@baidu.com,Female,,$83982.00,That Certain Woman
164,Roselia,Canario,rcanario4j@tmall.com,Genderfluid,8510,$50384.97,Craig Ferguson: A Wee Bit o' Revolution
165,Nomi,Smogur,nsmogur4k@fotki.com,Agender,3813,$14241.42,"Joneses, The"
166,Corabelle,Jamot,cjamot4l@wordpress.com,Agender,67-400,$33732.25,Time and Tide (Seunlau Ngaklau)
167,Armin,Bustin,abustin4m@cpanel.net,Polygender,,$43668.33,"Bunker, The"
168,Alaine,Agget,aagget4n@cpanel.net,Polygender,45933 CEDEX 9,$80143.12,Passionada
169,,Romayn,lromayn4o@quantcast.com,Genderqueer,,,
170,Maury,Mannie,mmannie4p@usda.gov,Non-binary,60110,$37102.88,Get to Know Your Rabbit
171,Nelle,Brockington,nbrockington4q@newsvine.com,Non-binary,,$68065.34,When You're Strange
172,Jaime,Segoe,jsegoe4r@so-net.ne.jp,Agender,42-125,$33319.44,Decoding Annie Parker
173,Jeffry,Hallmark,jhallmark4s@jigsy.com,Non-binary,,$64034.39,Crooked Arrows
174,Mame,Askin,maskin4t@deviantart.com,Bigender,,$31577.10,It Runs in the Family (My Summer Story)
175,Wileen,McCaskill,wmccaskill4u@php.net,Bigender,,$53015.53,Kids in America
176,Remy,Astbery,rastbery4v@people.com.cn,Male,145 69,$22973.59,Duel at Diablo
177,Donetta,Strainge,dstrainge4w@who.int,Polygender,56977 CEDEX 9,$85932.66,Nobody
178,Clementia,Howell,chowell4x@simplemachines.org,Male,624320,$18716.14,"Proud Valley, The"
179,Harlan,Perfitt,hperfitt4y@guardian.co.uk,Bigender,6110,$84180.45,Go Get Some Rosemary (Daddy Longlegs)
180,Anallise,Domniney,adomniney4z@ucla.edu,Non-binary,,$89527.09,Fever Pitch
181,Jeralee,Ivison,jivison50@ehow.com,Female,,$24714.86,Hard-Boiled (Lat sau san taam)
182,Goraud,Hubatsch,ghubatsch51@soup.io,Female,,$9793.48,Allan Quatermain and the Lost City of Gold
183,Judah,Auchinleck,jauchinleck52@yellowpages.com,Genderqueer,6530,$54913.17,The Gardener
184,Vallie,Keyson,vkeyson53@homestead.com,Polygender,4492,$59523.26,Cherrybomb
185,Maure,Lempertz,mlempertz54@berkeley.edu,Non-binary,,$51444.45,"Acla, The Descent into Floristella (La discesa di Aclà a Floristella)"
186,Misha,Roussel,mroussel55@about.me,Polygender,92130,$83270.82,Choose Me
187,Teddi,Vaar,tvaar56@mozilla.org,Bigender,,$57360.57,"Darwin Awards, The"
188,Loy,Mogenot,lmogenot57@flavors.me,Non-binary,14640-000,$1211.73,Greyfriars Bobby (a.k.a. Greyfriars Bobby: The True Story of a Dog)
189,Gwyneth,Batho,gbatho58@omniture.com,Polygender,9017,$735.46,Amelia
190,Henriette,Featley,hfeatley59@histats.com,Polygender,,$17632.23,Angry Video Game Nerd: The Movie
191,Grayce,Gilpillan,ggilpillan5a@4shared.com,Bigender,624082,$47632.42,Emperor of the North (Emperor of the North Pole)
192,Aharon,Cosins,acosins5b@engadget.com,Polygender,4870-130,$64088.25,"Bridge on the River Kwai, The"
193,Merill,Cattenach,mcattenach5c@yelp.com,Male,357247,$45477.26,Chain Lightning
194,Nicolis,Butchart,nbutchart5d@wufoo.com,Non-binary,05-160,$4651.84,Print the Legend
195,Fredericka,Collington,fcollington5e@sogou.com,Genderfluid,88600,$54078.40,"Double, The"
196,Torie,Osgodby,tosgodby5f@cornell.edu,Genderfluid,544529,$14020.16,By the Gun
197,Ninetta,De Bernardi,ndebernardi5g@goo.ne.jp,Polygender,,$32115.61,Weeds
198,Chlo,Bridgen,cbridgen5h@geocities.com,Female,999-5203,$8158.16,Interiors
199,Aurelia,Screase,ascrease5i@ibm.com,Bigender,,$25512.38,Nightmare
200,Andrus,Trace,atrace5j@xinhuanet.com,Genderfluid,,$78281.66,Last Exit to Brooklyn
201,Romona,Waplinton,rwaplinton5k@craigslist.org,Female,47110,$53686.39,"I, Robot"
202,,Durran,edurran5l@hhs.gov,Genderqueer,,,
203,Sadie,Meadmore,smeadmore5m@reuters.com,Genderfluid,,$30561.19,Dirty Sanchez: The Movie
204,Sammie,Stavers,sstavers5n@nsw.gov.au,Genderfluid,,$45102.53,"People vs. George Lucas, The"
205,Laurens,Greenlies,lgreenlies5o@eepurl.com,Bigender,1504,$89145.63,"Crouching Tiger, Hidden Dragon (Wo hu cang long)"
206,Sigvard,Hartil,shartil5p@google.es,Genderfluid,664 24,$68671.56,Apnea (Apnoia)
207,Gracia,Banbrigge,gbanbrigge5q@w3.org,Female,,$25663.52,Att stjäla en tjuv
208,Colan,Gulliford,cgulliford5r@arizona.edu,Agender,,$68945.29,Spider-Man: The Ultimate Villain Showdown
209,Sasha,Barszczewski,sbarszczewski5s@indiegogo.com,Bigender,,$37918.66,Death of a Nation - The Timor Conspiracy
210,Rakel,Delgardillo,rdelgardillo5t@sciencedirect.com,Polygender,33080 CEDEX,$28415.52,America 3000
211,Joelle,Fleischmann,jfleischmann5u@aboutads.info,Female,,$47306.08,Returner (Ritaanaa)
212,Flo,Larvin,flarvin5v@sakura.ne.jp,Agender,5410,$25736.44,Constantine's Sword
213,Everett,Hoff,ehoff5w@ebay.com,Polygender,3606,$46917.84,"Outlaw, The"
214,Rosalyn,Harridge,rharridge5x@harvard.edu,Bigender,,$11222.67,Ice Castles
215,Donal,Rampling,drampling5y@marriott.com,Genderfluid,92527 CEDEX,$39336.88,Zeitgeist: Addendum
216,Aprilette,Blaxeland,ablaxeland5z@indiegogo.com,Agender,,$18520.34,Welcome to the Jungle
217,Vanna,Giabucci,vgiabucci60@princeton.edu,Genderqueer,,$73746.64,Collateral
218,Candi,Illesley,cillesley61@w3.org,Polygender,,$62928.89,"Summer Wishes, Winter Dreams"
219,Killian,Fort,kfort62@flavors.me,Polygender,,$67666.83,Corto Maltese: Ballad of the Salt Sea (Corto Maltese - La ballade de la mer salée)
220,Rodi,Sprague,rsprague63@devhub.com,Male,60618 CEDEX,$62950.57,Donovan's Echo
221,Randell,Zoane,rzoane64@360.cn,Bigender,,$73724.85,Shakespeare's Globe: Henry V
222,Pierre,Beranek,pberanek65@123-reg.co.uk,Genderqueer,,$69449.53,"Mask of Fu Manchu, The"
223,Murvyn,Poytress,mpoytress66@senate.gov,Agender,,$9823.12,H6: Diario de un asesino
224,Clayson,Lapenna,clapenna67@addthis.com,Agender,3053,$8854.61,"Friend of the Deceased, A (Priyatel pokonika)"
225,Almira,Gery,agery68@hubpages.com,Male,4650-089,$28422.27,Making Love
226,Roma,Blaxter,rblaxter69@webs.com,Polygender,250 65,$41818.77,Take the High Ground!
227,Kaylyn,Mewton,kmewton6a@independent.co.uk,Female,,$44308.77,Neon Flesh (Carne de neón)
228,Chrisse,Jone,cjone6b@zimbio.com,Polygender,140083,$28986.39,9 1/2 Weeks (Nine 1/2 Weeks)
229,Hailee,Morando,hmorando6c@sun.com,Genderqueer,79500-000,$59698.29,Original Gangstas
230,Norris,Bamford,nbamford6d@state.gov,Genderfluid,,$42270.29,"League of Their Own, A"
231,Adlai,Wones,awones6e@ifeng.com,Polygender,,$23623.96,Millennium Actress (Sennen joyû)
232,Marleah,Paddie,mpaddie6f@cafepress.com,Genderfluid,,$74278.43,Joyeux Noël (Merry Christmas)
233,Starlene,Jaqueminet,sjaqueminet6g@kickstarter.com,Agender,33416,$17715.60,Hamlet
234,Francklyn,Scrogges,fscrogges6h@usatoday.com,Non-binary,051847,$82420.13,Margaret Cho: Assassin
235,Blake,Crolly,bcrolly6i@apple.com,Male,,$49152.16,Sky Fighters (Les Chevaliers Du Ciel)
236,Emmi,Clowley,eclowley6j@miitbeian.gov.cn,Bigender,,$83680.62,"Last Time I Saw Archie, The"
237,Elsey,Tomlins,etomlins6k@tinypic.com,Genderfluid,662133,$23225.74,Here Without Me (Inja bedoone man)
238,Hephzibah,Cawthery,hcawthery6l@addtoany.com,Polygender,,$32448.56,Pharaoh's Army
239,Peder,Rousell,prousell6m@livejournal.com,Genderfluid,9505,$31207.65,Hustler White
240,Muriel,Schall,mschall6n@dmoz.org,Female,,$26184.31,Dragon Ball Z: Dead Zone (Doragon bôru Z 1: Ora no Gohan wo kaese)
241,Pierson,Katzmann,pkatzmann6o@liveinternet.ru,Male,,$34623.19,"Rocks (Rad, Das)"
242,Ritchie,Coat,rcoat6p@hostgator.com,Female,,$80429.27,"Beaver, The"
243,Waylin,Shepeard,wshepeard6q@craigslist.org,Non-binary,8006,$19814.76,Annabel Takes a Tour (Annabel Takes a Trip)
244,Kass,Drinkhall,kdrinkhall6r@eventbrite.com,Male,,$48214.27,Air Guitar Nation
245,Franzen,Gatley,fgatley6s@ox.ac.uk,Bigender,462422,$70723.02,"Competition, The"
246,Caron,Blues,cblues6t@bloomberg.com,Genderqueer,75-136,$73328.00,Ca$h
247,Dorothee,Cristofaro,dcristofaro6u@patch.com,Polygender,2800-011,$80513.70,Joffrey: Mavericks of American Dance
248,Base,Blazi,bblazi6v@booking.com,Male,3351,$35403.76,What Is It?
249,Judon,Tatlow,jtatlow6w@moonfruit.com,Non-binary,,$54345.78,"Perils of Pauline, The"
250,Victoria,Estevez,vestevez6x@squidoo.com,Male,92864 CEDEX 9,$36180.42,"Tough Ones, The (Häjyt)"
251,Ansell,Ravenhill,aravenhill6y@linkedin.com,Agender,,$48132.07,Octopussy
252,Frederigo,Skerratt,fskerratt6z@php.net,Genderqueer,1876,$58512.78,Tony Takitani
253,Lavinia,Waplington,lwaplington70@wordpress.com,Female,,$17325.08,Super Capers
254,Hermy,Rampley,hrampley71@ezinearticles.com,Genderqueer,301536,$26202.43,"Brighter Summer Day, A (Gu ling jie shao nian sha ren shi jian)"
255,Celka,Hothersall,chothersall72@ameblo.jp,Polygender,,$4508.24,Just Sex and Nothing Else (Csak szex és más semmi)
256,Bevan,McNeillie,bmcneillie73@soundcloud.com,Genderfluid,4900,$87611.11,Andrei Rublev (Andrey Rublyov)
257,Ethelyn,Reddoch,ereddoch74@shop-pro.jp,Female,3109,$938.31,Dragon Ball Z: Cooler's Revenge (Doragon bôru Z 5: Tobikkiri no saikyô tai saikyô)
258,Maryanne,Pulley,mpulley75@slashdot.org,Polygender,649787,$30092.89,Then I Sentenced Them All to Death (Atunci i-am condamnat pe toti la moarte)
259,Trixie,Bartlet,tbartlet76@cbsnews.com,Bigender,,$19006.76,French Roast
260,Dee,Goodfield,dgoodfield77@4shared.com,Female,10437,$17972.76,New York Stories
261,Kaile,Bispo,kbispo78@webnode.com,Agender,48101,$24530.44,Son of Lassie
262,Philly,Aggiss,paggiss79@cafepress.com,Male,94946 CEDEX 9,$40506.03,Tarzan's Magic Fountain
263,Orbadiah,Jeffries,ojeffries7a@google.de,Non-binary,,$31261.03,Always
264,,Valintine,jvalintine7b@nhs.uk,Non-binary,,,
265,Nydia,Nurdin,nnurdin7c@theglobeandmail.com,Polygender,,$87353.23,Rigoletto
266,Feodora,Farady,ffarady7d@yahoo.com,Non-binary,1206,$88821.99,"Unknown, The (a.k.a. Alonzo the Armless)"
267,Zea,Ranscome,zranscome7e@gizmodo.com,Genderfluid,,$36694.77,Blue Steel
268,Doug,Saville,dsaville7f@go.com,Genderqueer,,$67502.85,Judy Moody and the Not Bummer Summer
269,,Johannes,bjohannes7g@amazonaws.com,Male,,,
270,Gwyn,Ivermee,givermee7h@hud.gov,Male,301382,$39188.57,Zero Charisma
271,Isabelita,Haste,ihaste7i@intel.com,Bigender,,$63460.66,Razorback
272,Vannie,Goss,vgoss7j@techcrunch.com,Bigender,,$83679.16,Super Mario Bros.
273,Kirstin,Justice,kjustice7k@instagram.com,Polygender,,$48097.58,From Justin to Kelly
274,Tybalt,Gloucester,tgloucester7l@live.com,Male,,$66164.45,Dragon Inn (Sun lung moon hak chan)
275,Jolee,Malthus,jmalthus7m@kickstarter.com,Female,57540-000,$70364.16,"Gathering of Old Men, A (Murder on the Bayou)"
276,Traci,Lax,tlax7n@sourceforge.net,Non-binary,,$25034.00,Lost in the Desert
277,Peyter,Lindell,plindell7o@indiatimes.com,Female,GXQ,$8131.10,Vic+Flo Saw a Bear
278,Raquela,Peeters,rpeeters7p@blinklist.com,Polygender,37-240,$72234.47,Sovereign's Company
279,Babb,Ziems,bziems7q@who.int,Non-binary,,$20178.66,Secretary
280,Lindsey,Hustler,lhustler7r@woothemes.com,Genderqueer,3124,$37930.80,"Immature, The (Immaturi)"
281,Honoria,Care,hcare7s@npr.org,Non-binary,694752,$75284.64,Armed and Dangerous
282,Dulcy,Gossage,dgossage7t@blogger.com,Agender,2189,$30304.31,Nine
283,Elizabet,Ladel,eladel7u@state.tx.us,Male,36-071,$7174.68,"Eclipse, The"
284,Mannie,McCaster,mmccaster7v@csmonitor.com,Male,,$34230.00,Phantom of the Woods
285,Shelby,Gilbane,sgilbane7w@disqus.com,Agender,72091 CEDEX 9,$20737.76,"Last Exorcism Part II, The"
286,Ulrick,Argabrite,uargabrite7x@godaddy.com,Agender,,$24323.67,DysFunktional Family
287,Ann-marie,Stayt,astayt7y@sciencedirect.com,Female,8508,$56412.86,Sometimes in April
288,Cathyleen,Cookman,ccookman7z@reverbnation.com,Bigender,3330,$18401.79,"Likeable Mister R, The (Simpaticul domn R)"
289,Rori,Teresia,rteresia80@ning.com,Agender,7006,$81759.99,The Captains
290,Putnem,Yell,pyell81@icio.us,Genderfluid,97102 CEDEX,$69586.90,3some (Castillos de cartón)
291,Sybilla,Drust,sdrust82@usnews.com,Genderfluid,2425-009,$66349.40,"Hit List, The"
292,Celesta,Mcimmie,cmcimmie83@diigo.com,Polygender,43000,$20882.50,Million Dollar Mermaid
293,Toma,Agastina,tagastina84@engadget.com,Polygender,5899,$11664.75,Kansas City
294,Weston,Cosans,wcosans85@discuz.net,Non-binary,11604,$23518.48,Dementia 13
295,Porty,Hardcastle,phardcastle86@ifeng.com,Genderfluid,781 87,$45306.53,Neurons to Nirvana
296,Constancy,Frontczak,cfrontczak87@oracle.com,Male,,$69964.55,Air America
297,Boniface,Losbie,blosbie88@nifty.com,Female,70183,$67069.43,Pariah
298,Charo,Toope,ctoope89@nih.gov,Bigender,,$8417.75,"Herod's Law (Ley de Herodes, La)"
299,Gail,Afield,gafield8a@t.co,Non-binary,,$42192.03,"Hero: Love Story of a Spy, The"
300,Herta,Loveguard,hloveguard8b@google.es,Male,9630-224,$15360.96,"Jeanne Dielman, 23 Quai du Commerce, 1080 Bruxelles"
301,Kelly,Seefeldt,kseefeldt8c@shinystat.com,Genderfluid,55578-000,$2638.80,Where Do We Go Now?
302,Antonin,Bertlin,abertlin8d@salon.com,Agender,,$77859.63,Sketches of Frank Gehry
303,Kerry,Lindsell,klindsell8e@woothemes.com,Female,1354,$7325.47,Never Ever! (Nigdy w zyciu!)
304,Marabel,Barrasse,mbarrasse8f@constantcontact.com,Non-binary,,$41340.46,Daylight (Daglicht)
305,Moyra,Porte,mporte8g@newsvine.com,Male,6507,$27021.88,Prometheus
306,,Fellow,nfellow8h@marketwatch.com,Genderqueer,,,
307,Orion,Sicha,osicha8i@twitter.com,Male,5300,$22765.67,Byzantium
308,Gibb,Doxsey,gdoxsey8j@washington.edu,Male,663510,$77243.95,21 Hours at Munich
309,Dyan,Proven,dproven8k@photobucket.com,Non-binary,,$41262.19,"Prowler, The"
310,Gamaliel,Rattenberie,grattenberie8l@odnoklassniki.ru,Polygender,,$1612.66,Neighbouring Sounds (O som ao redor)
311,Sarajane,Rawes,srawes8m@blogtalkradio.com,Polygender,1930,$89662.69,"Steal Big, Steal Little"
312,Deck,Say,dsay8n@nytimes.com,Genderfluid,,$55788.24,Funny Ha Ha
313,Shamus,Rowe,srowe8o@marketwatch.com,Female,,$65258.37,Pick-up Summer (Pinball Summer)
314,Skippy,Treleven,streleven8p@webeden.co.uk,Bigender,,$37979.31,"Farewell to Arms, A"
315,,Polly,rpolly8q@time.com,Genderqueer,,,
316,Martina,Ullrich,mullrich8r@stumbleupon.com,Female,,$82780.39,"Kid With a Bike, The (Le gamin au vélo)"
317,,Alldritt,oalldritt8s@vkontakte.ru,Polygender,,,
318,Neysa,Kuhnt,nkuhnt8t@harvard.edu,Bigender,,$80072.77,Macheads
319,Tarah,Di Napoli,tdinapoli8u@theglobeandmail.com,Female,93600-000,$62249.44,Amreeka
320,Yvette,Macauley,ymacauley8v@gravatar.com,Bigender,739 91,$65452.10,Coherence
321,Fransisco,Dyson,fdyson8w@ted.com,Genderqueer,525508,$27323.15,I'm All Right Jack
322,Ravi,Scinelli,rscinelli8x@google.de,Bigender,,$20993.97,Problem Child
323,Hoyt,Kiezler,hkiezler8y@homestead.com,Agender,87-302,$52128.50,Jonas
324,Mozelle,Goodson,mgoodson8z@altervista.org,Bigender,11750-000,$66332.33,Blind Pig Who Wants to Fly (Babi buta yang ingin terbang)
325,Boniface,Leworthy,bleworthy90@w3.org,Genderqueer,,$71778.53,State of Play
326,Verile,Crolly,vcrolly91@dell.com,Bigender,97670,$13037.89,Union Pacific
327,Lainey,Gabriely,lgabriely92@cbc.ca,Female,,$63352.20,Hell Night
328,Brina,Pendrill,bpendrill93@cyberchimps.com,Genderqueer,,$77964.30,Comedian
329,Polly,Potzold,ppotzold94@virginia.edu,Genderqueer,,$85642.09,Emmanuelle
330,Warren,Spadaro,wspadaro95@webs.com,Non-binary,,$49831.20,Road Hard
331,Celestine,Hawksworth,chawksworth96@slate.com,Genderqueer,,$10791.80,Manslaughter (Drabet)
332,Germaine,Harrie,gharrie97@amazon.co.jp,Polygender,11509,$42562.85,Elena
333,Orton,Luchetti,oluchetti98@tamu.edu,Agender,244 82,$73600.94,"Amazing Panda Adventure, The"
334,Jolee,Salzburger,jsalzburger99@nationalgeographic.com,Non-binary,,$12593.22,Father of Invention
335,Lonnie,Masurel,lmasurel9a@techcrunch.com,Genderqueer,,$61228.51,"Wog Boy, The"
336,Olvan,Bonhill,obonhill9b@google.fr,Polygender,90716,$40028.38,Mansfield Park
337,Cordell,Gimlet,cgimlet9c@g.co,Agender,,$89512.95,Predators
338,Bob,Largent,blargent9d@delicious.com,Female,,$14928.92,"Black Sabbath (Tre volti della paura, I)"
339,Quincy,Banisch,qbanisch9e@feedburner.com,Polygender,5719,$36181.48,Border Feud
340,Crichton,Fenemore,cfenemore9f@bravesites.com,Female,761558,$25031.27,Arsène Lupin
341,Aimil,Geldard,ageldard9g@ca.gov,Genderfluid,,$13869.98,"Curse of the Werewolf, The"
342,Angelina,O'Kinedy,aokinedy9h@paginegialle.it,Male,4730-010,$15635.99,Extraterrestrial (Extraterrestre)
343,Dorise,Newgrosh,dnewgrosh9i@tumblr.com,Agender,357974,$53995.18,Dragon Seed
344,Carlyle,Arens,carens9j@booking.com,Female,5039,$2217.20,Phoenix
345,Charlena,Jellis,cjellis9k@pagesperso-orange.fr,Genderqueer,6276,$53726.17,Fern flowers (Fleur de fougère)
346,Siward,Vye,svye9l@instagram.com,Genderfluid,,$64022.08,Rocketship X-M
347,Currey,Fellgatt,cfellgatt9m@forbes.com,Bigender,,$89276.63,"Soldier's Sweetheart, A"
348,Barbey,Crowche,bcrowche9n@yandex.ru,Female,,$36402.10,Dawn of the Dead
349,Cassandra,Duny,cduny9o@github.com,Female,,$44769.50,Bad Guy (Nabbeun namja)
350,Ermina,Nijs,enijs9p@liveinternet.ru,Non-binary,,$6681.21,"Relic, The"
351,Faber,Lambden,flambden9q@prlog.org,Bigender,75600-000,$85513.68,Delhi Belly
352,Melody,Balston,mbalston9r@samsung.com,Male,69800,$79200.27,We Always Lie to Strangers
353,Inger,Clayton,iclayton9s@utexas.edu,Female,76420-000,$68380.59,Wordplay
354,Bebe,Tipper,btipper9t@blogspot.com,Non-binary,21061 CEDEX,$51168.70,Dead Man's Walk
355,Sallyann,Sibthorpe,ssibthorpe9u@wsj.com,Agender,538 43,$66801.79,The Finzi Detective Agency
356,Bailey,Eaton,beaton9v@alexa.com,Polygender,37931,$27956.14,Dark Tide
357,Ruthanne,Laite,rlaite9w@cafepress.com,Polygender,4800-198,$88303.32,Formosa Betrayed
358,Arleta,Cammis,acammis9x@wisc.edu,Non-binary,75480-000,$72987.49,Simon & the Oaks
359,Mommy,Mithun,mmithun9y@vistaprint.com,Bigender,,$26455.51,Hester Street
360,Shawn,Mish,smish9z@utexas.edu,Genderqueer,,$195.59,Transformers: The Movie
361,Dee,Pincked,dpinckeda0@stumbleupon.com,Female,96799,$68288.22,"20,000 Days on Earth"
362,Trever,Siddle,tsiddlea1@nasa.gov,Genderqueer,0031,$70609.35,Rasputin
363,Wallie,Burbudge,wburbudgea2@boston.com,Genderqueer,533 04,$68308.04,Madonna of the Seven Moons
364,Nelli,Southern,nsoutherna3@hao123.com,Female,80000-000,$87270.17,Zombeavers
365,Zandra,Karp,zkarpa4@google.es,Agender,,$18596.13,"Autumn Heart, The"
366,Ali,Richardin,arichardina5@lycos.com,Non-binary,,$28810.10,Kid Millions
367,Leonid,McLemon,lmclemona6@yelp.com,Bigender,,$50895.15,D3: The Mighty Ducks
368,Yehudi,Dimitrov,ydimitrova7@de.vu,Male,4820-005,$88261.36,"Secret Life of Zoey, The"
369,Zerk,Kensy,zkensya8@printfriendly.com,Genderqueer,,$47562.53,Electric Shadows (Meng ying tong nian)
370,Inez,Hasell,ihasella9@edublogs.org,Genderqueer,,$54485.01,Eaux d'artifice
371,Rodi,Nestoruk,rnestorukaa@google.de,Genderqueer,,$63887.20,"Wind Will Carry Us, The (Bad ma ra khahad bord)"
372,Kenneth,Catt,kcattab@plala.or.jp,Non-binary,48970-000,$76814.55,"Triumph of the Nerds, The: The Rise of Accidental Empires"
373,Danell,Cortes,dcortesac@java.com,Polygender,,$10097.41,Deliver Us from Evil
374,Adelheid,Regan,areganad@nbcnews.com,Male,,$2739.51,Border Feud
375,Aleece,Satterfitt,asatterfittae@bing.com,Bigender,5022,$33736.46,Caribe
376,Petra,Philpault,pphilpaultaf@gov.uk,Female,443049,$75235.70,Louis C.K.: Chewed Up
377,Ash,Berrycloth,aberryclothag@macromedia.com,Genderqueer,7001,$42163.07,After Five in the Jungle (Nach Fünf im Urwald)
378,Hilarius,Vequaud,hvequaudah@bloglovin.com,Bigender,,$10558.35,Escape from the Planet of the Apes
379,Donny,Abramovici,dabramoviciai@ibm.com,Bigender,,$60010.03,Shooter
380,Munmro,Van Eeden,mvaneedenaj@answers.com,Polygender,501-0531,$59246.90,Resident Evil: Damnation
381,Dominica,Byre,dbyreak@eventbrite.com,Polygender,692769,$27606.34,"Wizard of Baghdad, The"
382,Aaren,Rhodef,arhodefal@pbs.org,Bigender,,$54939.39,"It's Me, It's Me (Ore Ore)"
383,Chris,Jolin,cjolinam@unc.edu,Genderfluid,,$19534.49,Pekko ja unissakävelijä
384,Eward,Slainey,eslaineyan@rakuten.co.jp,Non-binary,34-103,$83715.80,Gambit
385,Feodora,Lillico,flillicoao@usnews.com,Agender,1062,$29937.91,"Call of Cthulhu, The"
386,Cornall,Dresse,cdresseap@livejournal.com,Non-binary,40591,$54380.41,Berlin Is in Germany
387,Hew,Meco,hmecoaq@dailymail.co.uk,Bigender,33200-000,$241.25,Street Kings
388,Basia,Nutton,bnuttonar@topsy.com,Polygender,,$60294.77,"Amityville Horror, The"
389,Giorgio,Tipping,gtippingas@chron.com,Polygender,87086,$15593.74,Torn
390,Aubree,Reder,arederat@cafepress.com,Male,,$75673.41,"Hot Chick, The"
391,Will,Fleeman,wfleemanau@hubpages.com,Agender,,$69235.91,Shadowlands
392,Harcourt,Bodiam,hbodiamav@nih.gov,Female,4560-221,$74219.38,"Secret Garden, The"
393,Peirce,McNish,pmcnishaw@uiuc.edu,Polygender,70061,$13270.80,"Flame and the Arrow, The"
394,Burt,Jaumet,bjaumetax@webmd.com,Genderfluid,,$7110.87,Cohen and Tate
395,Carol-jean,Josh,cjoshay@tiny.cc,Female,,$10376.09,Erasing David
396,Shelli,Forson,sforsonaz@upenn.edu,Genderqueer,34-483,$31631.89,Way... Way Out
397,Westbrook,Imesson,wimessonb0@t-online.de,Non-binary,,$79147.22,Everybody's Acting
398,Brynna,Smead,bsmeadb1@wunderground.com,Genderqueer,592 01,$83188.83,Thief
399,Bernita,Brimblecomb,bbrimblecombb2@fda.gov,Polygender,,$55738.92,Ernest Scared Stupid
400,,Olner,kolnerb3@va.gov,Non-binary,,,
401,Denise,Wong,dwongb4@irs.gov,Non-binary,452500,$2783.14,Mr. Deeds
402,Grace,Hammell,ghammellb5@shutterfly.com,Female,,$56221.05,"Terrace, The (Terrazza, La)"
403,Didi,Shill,dshillb6@statcounter.com,Polygender,,$62334.27,Company of Heroes
404,Rice,MacGorman,rmacgormanb7@who.int,Non-binary,,$56999.19,Switch
405,Jock,Axby,jaxbyb8@last.fm,Bigender,172715,$48756.33,Charlie Bartlett
406,Kathleen,Benedettini,kbenedettinib9@home.pl,Bigender,,$61793.34,"Crowd Roars, The"
407,Adara,Yexley,ayexleyba@reuters.com,Male,3300-405,$45902.00,"Dresser, The"
408,Kay,Jukubczak,kjukubczakbb@kickstarter.com,Genderfluid,391964,$85109.67,Gardens of Stone
409,Violet,Dyson,vdysonbc@oracle.com,Polygender,3204,$33835.43,Twelve O'Clock High
410,Korey,Boulstridge,kboulstridgebd@hc360.com,Female,,$9043.19,Mr. Toad's Wild Ride (a.k.a. The Wind in the Willows)
411,Hashim,Edlin,hedlinbe@surveymonkey.com,Genderqueer,,$27576.78,Went to Coney Island on a Mission From God... Be Back by Five
412,Bastian,Symondson,bsymondsonbf@rediff.com,Female,,$15068.37,Death Wish
413,Jennifer,Rowen,jrowenbg@1und1.de,Bigender,,$55427.69,"Unholy Three, The"
414,Aldis,Dwire,adwirebh@ucla.edu,Agender,,$87878.22,"Acid House, The"
415,Sherman,Pinder,spinderbi@ftc.gov,Agender,725 96,$16200.18,A Good Marriage
416,Allina,Dafydd,adafyddbj@dagondesign.com,Agender,957 99,$65166.67,Bambou
417,Bernard,Vaggers,bvaggersbk@tuttocitta.it,Non-binary,,$8410.10,"Blue Bird, The"
418,Randolph,Bremmell,rbremmellbl@twitpic.com,Genderqueer,,$88528.03,"Sing a Song of Sex (Treatise on Japanese Bawdy Songs, A) (Nihon shunka-kô)"
419,Marta,Sacaze,msacazebm@washingtonpost.com,Genderqueer,,$65882.17,Four Friends (a.k.a. Georgia's Friends)
420,Karney,Florence,kflorencebn@cpanel.net,Female,22-650,$62053.35,Wild Is the Wind
421,Fancy,Cyster,fcysterbo@bigcartel.com,Male,N4K,$89924.07,Fugitives (Fugitivas)
422,Timothee,Melby,tmelbybp@meetup.com,Genderqueer,62-220,$25847.47,Pinocchio
423,Delia,Lockyer,dlockyerbq@photobucket.com,Female,,$63561.63,Film ist a Girl & a Gun
424,Eamon,Plumer,eplumerbr@cmu.edu,Male,,$62535.35,X-Men: Days of Future Past
425,Stirling,Brodbin,sbrodbinbs@cocolog-nifty.com,Female,,$26261.23,"Kidnapping, Caucasian Style (Kavkazskaya plennitsa)"
426,Hamish,Sharnock,hsharnockbt@google.ca,Non-binary,,$58621.11,Tales of Vesperia: The First Strike (Teiruzu obu vesuperia: The first strike)
427,Chancey,Noe,cnoebu@diigo.com,Agender,58330-000,$27917.78,Santa Claus
428,Guillemette,Cluse,gclusebv@livejournal.com,Genderfluid,9104,$38301.94,Those Magnificent Men in Their Flying Machines
429,Rosaline,Smedley,rsmedleybw@gizmodo.com,Genderfluid,466 92,$40392.25,"6th Man, The (Sixth Man, The)"
430,Tibold,Sidary,tsidarybx@meetup.com,Non-binary,,$22191.72,Shall We Dance? (Shall We Dansu?)
431,Miguel,Fairest,mfairestby@mlb.com,Non-binary,,$43600.67,"Times of Harvey Milk, The"
432,Sherill,Gurry,sgurrybz@amazon.co.uk,Bigender,59347-000,$59300.32,Of Mice and Men
433,Julita,Laugheran,jlaugheranc0@google.co.uk,Genderqueer,,$63964.69,"Computer Wore Tennis Shoes, The"
434,Willetta,Elliston,wellistonc1@posterous.com,Male,9713,$61073.54,"Swades: We, the People (Our Country)"
435,Kimberlyn,Cote,kcotec2@wikimedia.org,Female,,$19451.84,Winnie the Pooh and the Blustery Day
436,Chrisse,Clears,cclearsc3@princeton.edu,Genderqueer,,$4795.24,"Perez Family, The"
437,Julius,Alfonzo,jalfonzoc4@state.gov,Bigender,634506,$60212.96,Brother's War
438,Kelcy,Spellsworth,kspellsworthc5@smugmug.com,Female,,$82487.50,Three Quarter Moon
439,Ardath,Rashleigh,arashleighc6@altervista.org,Non-binary,,$37404.84,"So Normal (Normais, Os)"
440,Sena,Beresfore,sberesforec7@stumbleupon.com,Bigender,00731,$53561.27,"King of Kings, The"
441,Neely,Fearnsides,nfearnsidesc8@miibeian.gov.cn,Bigender,,$41647.58,Shanks
442,Fidelia,Beavon,fbeavonc9@youtu.be,Non-binary,,$76802.04,Happiness Never Comes Alone (Un bonheur n'arrive jamais seul)
443,Royall,Knott,rknottca@sun.com,Non-binary,,$76556.87,Monsters
444,Brannon,Hindrick,bhindrickcb@narod.ru,Agender,,$60077.41,The White Sister
445,Shirl,Tuddall,studdallcc@google.ru,Genderfluid,,$48870.92,Casper's Haunted Christmas
446,Shelley,Claricoats,sclaricoatscd@spotify.com,Genderqueer,9401,$17558.11,Murder on Monday
447,Fey,Dottrell,fdottrellce@qq.com,Genderqueer,,$63897.33,Here and There (Tamo i ovde)
448,Sibyl,Kerby,skerbycf@virginia.edu,Agender,460508,$68661.17,Sugar Town
449,Pace,Haddick,phaddickcg@photobucket.com,Bigender,,$54506.47,"Witchfinder General (Conquerer Worm, The)"
450,Marianne,Bewsy,mbewsych@unesco.org,Male,,$24482.53,The Captains
451,Kim,Lainge,klaingeci@histats.com,Genderqueer,621 85,$48711.24,Higher Learning
452,Corby,Petrovykh,cpetrovykhcj@bloglines.com,Polygender,2390,$68571.52,Rudy
453,Danella,Kyne,dkyneck@imdb.com,Non-binary,8301,$42102.42,Legionnaire
454,Clim,Rivaland,crivalandcl@ezinearticles.com,Male,739 51,$86963.33,Flickering Lights (Blinkende lygter)
455,Petrina,Dionisi,pdionisicm@vimeo.com,Bigender,366702,$5643.99,Unconditional Love
456,Reid,Shoulder,rshouldercn@bloomberg.com,Agender,,$44823.37,360
457,Mellisa,Jachimak,mjachimakco@forbes.com,Male,,$18328.15,"Human Scale, The"
458,,Softley,asoftleycp@sakura.ne.jp,Male,,,
459,Bailey,Queste,bquestecq@bravesites.com,Polygender,,$78849.22,Women on the Verge of a Nervous Breakdown (Mujeres al borde de un ataque de nervios)
460,Jemmy,Ziehms,jziehmscr@yellowbook.com,Agender,963-4603,$21418.07,Soul Man
461,Malissia,Earney,mearneycs@webs.com,Agender,,$67109.38,"Other Shore, The"
462,Ferdinande,Brunet,fbrunetct@exblog.jp,Female,S0G,$88023.19,Torrente 5: Operación Eurovegas
463,Clementine,Ravel,cravelcu@alibaba.com,Agender,,$86151.07,Fando and Lis (Fando y Lis)
464,Debbie,Andrivot,dandrivotcv@thetimes.co.uk,Genderqueer,37853,$41860.82,Lady Killer
465,Erma,Wathan,ewathancw@washington.edu,Non-binary,,$84532.71,Skies Above the Landscape (Nebo iznad krajolika)
466,Mikael,Norkett,mnorkettcx@businesswire.com,Male,,$54667.34,"Pixar Story, The"
467,Ibby,Kopp,ikoppcy@bizjournals.com,Agender,1360,$57492.35,"Silence, The (Tystnaden)"
468,Craggy,Hourihane,chourihanecz@wired.com,Genderqueer,057858,$37316.09,"Gay Bed and Breakfast of Terror, The"
469,Guglielmo,Futty,gfuttyd0@biglobe.ne.jp,Male,,$4423.67,Gallowwalkers
470,Marita,Uccello,muccellod1@123-reg.co.uk,Female,,$87678.45,Russian Roulette
471,Normand,Sworn,nswornd2@tinyurl.com,Bigender,60022 CEDEX,$5738.79,Visions of Europe
472,Fernandina,Treleven,ftrelevend3@nydailynews.com,Bigender,4615-131,$41036.89,Two Rabbits (2 Coelhos)
473,Jaimie,Dunbobin,jdunbobind4@webs.com,Genderqueer,651 01,$4897.01,"Iron Horse, The"
474,Hendrick,O'Deegan,hodeegand5@bing.com,Agender,,$10988.14,"Go, Go Second Time Virgin (Yuke yuke nidome no shojo)"
475,Tan,Gartland,tgartlandd6@prlog.org,Agender,,$55122.34,Hellbound?
476,Hale,Anderer,handererd7@cdc.gov,Non-binary,4346,$14380.04,1911 (Xinhai geming)
477,Vivien,Maeer,vmaeerd8@jiathis.com,Female,,$36020.69,At Midnight I'll Take Your Soul (À Meia-Noite Levarei Sua Alma)
478,Alasteir,Munehay,amunehayd9@gravatar.com,Non-binary,,$74506.60,Chain of Fools
479,Annmarie,Hallick,ahallickda@whitehouse.gov,Genderfluid,,$13966.04,"Love Guru, The"
480,Orland,Wehner,owehnerdb@bloglines.com,Genderqueer,,$38970.52,Jesus' Son
481,Marcy,MacCallum,mmaccallumdc@hatena.ne.jp,Female,,$26029.35,These Three
482,Hollis,Besnard,hbesnarddd@unblog.fr,Non-binary,,$39624.67,Dreams on Spec
483,Winny,Henrych,whenrychde@blogger.com,Female,2540-170,$48892.42,"High Cost of Living, The"
484,Malia,Winchurst,mwinchurstdf@webmd.com,Polygender,87-640,$19156.71,Star Trek II: The Wrath of Khan
485,Netty,Whereat,nwhereatdg@e-recht24.de,Genderfluid,,$73762.07,Season's Greetings
486,Georg,Phettiplace,gphettiplacedh@wisc.edu,Polygender,70604,$15586.18,Fathom
487,Elizabet,Toal,etoaldi@harvard.edu,Female,,$6215.74,"Upside of Anger, The"
488,Lynn,Lansbury,llansburydj@gmpg.org,Genderfluid,L-7634,$84592.95,Tumannost Andromedy
489,Kaitlyn,Pesticcio,kpesticciodk@whitehouse.gov,Female,,$74596.32,Dead Set
490,Dru,Gerraty,dgerratydl@wsj.com,Agender,7300-006,$45094.86,WarGames: The Dead Code
491,Iseabal,Yankin,iyankindm@ycombinator.com,Agender,65000,$85983.80,Independencia
492,Bernardina,Portwaine,bportwainedn@bing.com,Agender,,$15881.60,"Dungeonmaster, The"
493,Rosemary,Cobbled,rcobbleddo@people.com.cn,Male,,$40249.97,Super Rich: The Greed Game
494,Chucho,Laister,claisterdp@who.int,Polygender,457 23,$85928.46,Stray Cat Rock: Delinquent Girl Boss (Nora-neko rokku: Onna banchô)
495,Bili,Royall,broyalldq@auda.org.au,Agender,,$68558.16,"Losers, The"
496,Hillard,Sperring,hsperringdr@omniture.com,Agender,,$44569.65,No Good Deed
497,Jandy,Wisson,jwissonds@utexas.edu,Polygender,65170,$48514.21,All-Star Superman
498,Petunia,Gearing,pgearingdt@blinklist.com,Genderqueer,5000,$40598.67,Like Water for Chocolate (Como agua para chocolate)
499,Sergent,Rist,sristdu@berkeley.edu,Genderfluid,751 30,$26021.66,Turn the River
500,Erinn,Chitter,echitterdv@spiegel.de,Polygender,,$37119.10,"Vault of Horror, The"
501,Yance,Twitchett,ytwitchettdw@sciencedirect.com,Male,47555 CEDEX,$35599.06,Shaolin Kung Fu Mystagogue (Da mo mi zong)
502,Mortimer,Merlin,mmerlindx@reuters.com,Bigender,6680,$28936.40,Winter of Frozen Dreams
503,Durand,Durrans,ddurransdy@ucoz.com,Female,,$16872.78,From Dusk Till Dawn 2: Texas Blood Money 
504,Ennis,Waterdrinker,ewaterdrinkerdz@pen.io,Non-binary,90005,$68696.39,Collapse
505,Trixie,Grooby,tgroobye0@amazon.de,Agender,,$22181.76,Aftershock
506,Jennette,Fayre,jfayree1@utexas.edu,Female,,$34880.78,"Soft Skin, The (La peau douce)"
507,Wayne,Wilcox,wwilcoxe2@wordpress.org,Non-binary,,$45662.24,Blood Beach
508,Angele,Roddy,aroddye3@miibeian.gov.cn,Non-binary,,$7810.73,"Better Tomorrow III: Love and Death in Saigon, A"
509,Modesta,Waghorn,mwaghorne4@biglobe.ne.jp,Female,141960,$65956.81,Thérèse: The Story of Saint Thérèse of Lisieux
510,Jewel,Sparling,jsparlinge5@php.net,Male,,$25895.47,Dancer in the Dark
511,Jessamyn,Marven,jmarvene6@paginegialle.it,Agender,416305,$51389.61,Zombie High
512,Hy,Domke,hdomkee7@wikipedia.org,Polygender,,$50502.48,"Experts, The"
513,Genovera,Kubatsch,gkubatsche8@ebay.com,Bigender,,$50465.64,All Together
514,Sada,Wildgoose,swildgoosee9@etsy.com,Bigender,7209,$17773.43,Hillsborough
515,Curt,Casserly,ccasserlyea@elpais.com,Agender,,$19893.27,"Crude Oasis, The"
516,Sharia,Hauger,shaugereb@cisco.com,Genderfluid,,$78671.19,"Bravados, The"
517,Alexandr,Cribbin,acribbinec@bloomberg.com,Genderfluid,35403,$3032.19,Permanent Record
518,Gian,Gerriet,ggerrieted@pbs.org,Genderfluid,,$81095.40,Inherit the Wind
519,Jourdain,Deekes,jdeekesee@hud.gov,Genderfluid,,$61687.08,"Minion, The"
520,Chadwick,Philimore,cphilimoreef@cnbc.com,Agender,822-0003,$80509.52,Cannonball
521,Aurelie,Klimentyev,aklimentyeveg@istockphoto.com,Female,,$64041.02,Destiny in Space
522,Tiphanie,Howcroft,thowcrofteh@rediff.com,Female,,$66000.41,Invisible Waves
523,Montgomery,Rugieri,mrugieriei@nationalgeographic.com,Female,13450-000,$11081.66,"Postman Always Rings Twice, The"
524,Selene,Grubbe,sgrubbeej@ovh.net,Non-binary,,$49117.24,"Khroustaliov, My Car! (Khrustalyov, mashinu!)"
525,Honoria,Keeton,hkeetonek@blogspot.com,Bigender,2600,$33131.77,Season of the Witch
526,Kean,Hinz,khinzel@xinhuanet.com,Genderfluid,,$83042.28,Sherlock Holmes: Dressed to Kill
527,Karilynn,Greswell,kgreswellem@washington.edu,Polygender,,$27572.30,Applause
528,Crichton,Reinbech,creinbechen@japanpost.jp,Non-binary,403 17,$89418.32,"Resurrection, A"
529,Hatti,Bediss,hbedisseo@cargocollective.com,Female,,$61399.62,Last Days in the Desert
530,Giorgi,Brownsett,gbrownsettep@ehow.com,Non-binary,,$42049.83,"Band's Visit, The (Bikur Ha-Tizmoret)"
531,Bendick,Densun,bdensuneq@godaddy.com,Agender,5307,$86705.11,"Killing Floor, The"
532,Dominique,Bonnavant,dbonnavanter@dailymotion.com,Polygender,BT2,$84788.23,We Were Soldiers
533,Sonnnie,Dobbie,sdobbiees@ucla.edu,Genderqueer,,$81804.43,"Silent Night, Bloody Night"
534,Brigg,Bartos,bbartoset@symantec.com,Agender,37-114,$70160.38,"Marine, The"
535,Dotti,O'Duggan,dodugganeu@chron.com,Polygender,,$12459.83,Mad Hot Ballroom
536,Celestia,Boeter,cboeterev@sbwire.com,Genderqueer,54140,$68067.41,"Love, Marilyn"
537,Rem,Kaygill,rkaygillew@webs.com,Genderfluid,N5R,$18189.70,America: Imagine the World Without Her
538,Giles,Lewington,glewingtonex@imageshack.us,Polygender,,$62390.50,"Palm Beach Story, The"
539,Bendite,Lievesley,blievesleyey@meetup.com,Bigender,,$24107.18,Escape Fire: The Fight to Rescue American Healthcare
540,Marylynne,Aggott,maggottez@acquirethisname.com,Agender,,$69112.69,Weekender
541,Astrix,Pencost,apencostf0@cnbc.com,Male,,$11776.32,American Promise
542,Harley,Mannock,hmannockf1@163.com,Bigender,1325,$41761.82,Melvin and Howard
543,Cross,Heaselgrave,cheaselgravef2@123-reg.co.uk,Polygender,,$36698.37,Sodom and Gomorrah
544,Kailey,Balnaves,kbalnavesf3@yahoo.com,Male,,$13864.47,Waiting for Happiness (Heremakono)
545,Evyn,Costa,ecostaf4@spiegel.de,Genderfluid,,$55373.20,"Insect Woman, The (Nippon konchûki)"
546,Marlena,Devonside,mdevonsidef5@cbslocal.com,Genderfluid,,$70502.88,The Spiritual Boxer
547,Flemming,Steaning,fsteaningf6@ucoz.ru,Female,83420-000,$30380.84,Don't Torture a Duckling (Non si sevizia un paperino)
548,Wayland,Callan,wcallanf7@cisco.com,Bigender,4419,$68117.05,His Kind of Woman
549,Shannen,Rameau,srameauf8@oracle.com,Genderqueer,,$40140.08,Beautiful Boy
550,Ignatius,Brotherick,ibrotherickf9@alibaba.com,Agender,68200-000,$61631.10,Princess and the Pony
551,Linea,Gibbetts,lgibbettsfa@dropbox.com,Non-binary,,$7313.25,"Hatchet for the Honeymoon (Rosso segno della follia, Il)"
552,Matthias,Goodred,mgoodredfb@ning.com,Male,112 20,$72854.24,Flyboys
553,Robert,Greeno,rgreenofc@wikimedia.org,Genderfluid,LE16,$9748.99,Dirt
554,Ganny,Rangall,grangallfd@zimbio.com,Genderqueer,,$73258.11,"Deeper Shade of Blue, A"
555,Krishnah,Raycroft,kraycroftfe@surveymonkey.com,Male,,$63965.21,"Journey, The"
556,Tedman,Mozzini,tmozziniff@simplemachines.org,Male,63-630,$88136.52,Billion Dollar Brain
557,Kermy,MacDearmont,kmacdearmontfg@cdc.gov,Agender,,$8954.78,Street Trash
558,Walton,St Leger,wstlegerfh@squarespace.com,Polygender,301259,$54499.39,Unstrung Heroes
559,Sylvan,Caley,scaleyfi@diigo.com,Bigender,,$848.87,Black & White & Sex
560,Hugo,Garnsworthy,hgarnsworthyfj@mtv.com,Polygender,,$80837.22,A Flintstones Christmas Carol
561,Alair,Van Bruggen,avanbruggenfk@ning.com,Genderqueer,550 11,$63203.28,"Woman's Face, A (En kvinnas ansikte) "
562,May,Jellard,mjellardfl@bloglines.com,Bigender,,$31622.74,Hoot
563,Dalila,Duinbleton,dduinbletonfm@simplemachines.org,Genderfluid,9231,$40195.25,"Sergeant, The"
564,,Durtnell,adurtnellfn@elegantthemes.com,Polygender,,,
565,Sybilla,Durram,sdurramfo@infoseek.co.jp,Male,,$88599.37,Shadowzone
566,Norene,Dearl,ndearlfp@sohu.com,Male,,$1016.74,The War
567,Pearl,Palmar,ppalmarfq@sogou.com,Genderqueer,407-0002,$87497.23,It Came from Outer Space
568,Rosa,Fincke,rfinckefr@ezinearticles.com,Agender,,$39478.24,Pink Saris
569,Jackson,Domenici,jdomenicifs@bbb.org,Bigender,,$9983.68,Jonah: A VeggieTales Movie
570,Chloette,Cuppleditch,ccuppleditchft@mlb.com,Genderqueer,412 86,$39872.11,Sex Up Your Life!
571,Maryann,Moyler,mmoylerfu@theatlantic.com,Genderfluid,623082,$62857.99,Horrorvision
572,Trip,Dellenbrok,tdellenbrokfv@cbc.ca,Polygender,134548,$26685.31,"Living Room of the Nation, The (Kansakunnan olohuone)"
573,Vanni,Oleszcuk,voleszcukfw@hhs.gov,Non-binary,6213,$88588.65,Winnetou: The Last Shot
574,Nikki,MacAlpin,nmacalpinfx@youtu.be,Genderfluid,2530-063,$34877.64,Broadcast News
575,Bernie,Lindholm,blindholmfy@google.co.uk,Genderqueer,,$41638.37,Me and Morrison (Minä ja Morrison)
576,Wendy,Dyke,wdykefz@foxnews.com,Male,,$15162.80,Barfly
577,Wilma,Dobeson,wdobesong0@go.com,Genderqueer,21110,$55973.72,True Crime
578,Evvy,Warricker,ewarrickerg1@twitter.com,Agender,2005,$44159.09,Breaking In
579,Natal,Clemendot,nclemendotg2@infoseek.co.jp,Bigender,7600-411,$55702.68,Winter Soldier
580,Baxter,Gozard,bgozardg3@squidoo.com,Genderfluid,34-125,$43523.92,My Way
581,Cahra,Rushford,crushfordg4@bbc.co.uk,Bigender,,$52763.92,Little Man
582,Rowney,Laslett,rlaslettg5@apple.com,Agender,,$19139.69,Arcana
583,Sydney,Grassett,sgrassettg6@merriam-webster.com,Genderqueer,,$18930.51,"Canal, The"
584,Natividad,Harriott,nharriottg7@dell.com,Female,,$43703.55,Täynnä Tarmoa
585,Ingeberg,Gersam,igersamg8@hp.com,Polygender,542 33,$86313.09,Lemon Tree
586,Andris,Ugolotti,augolottig9@fda.gov,Non-binary,,$72180.08,Crime at Porta Romana
587,Hortensia,Robeson,hrobesonga@ibm.com,Genderqueer,205078,$64461.88,"Wisdom of Crocodiles, The (a.k.a. Immortality)"
588,Wolfy,Rumming,wrumminggb@marketwatch.com,Male,625520,$72029.48,Kukuli
589,Grove,Nehlsen,gnehlsengc@accuweather.com,Agender,,$48134.48,"Emperor and the Assassin, The (Jing ke ci qin wang)"
590,Cari,Siburn,csiburngd@printfriendly.com,Polygender,49300-000,$79618.06,Kid Galahad
591,Evanne,Spence,espencege@exblog.jp,Agender,,$17456.52,The Best of Me
592,Miller,Kyffin,mkyffingf@ustream.tv,Bigender,,$12685.04,Another Earth
593,Ambrosius,Plaster,aplastergg@w3.org,Agender,234 27,$34050.02,"Legend of Zorro, The"
594,Fawne,Crane,fcranegh@eventbrite.com,Genderqueer,,$65297.16,Small Wonders
595,Kimball,Hurlestone,khurlestonegi@symantec.com,Female,,$21865.17,Back Soon
596,Gracia,Swarbrick,gswarbrickgj@lulu.com,Polygender,,$19414.85,My Own Private Idaho
597,Tildy,Watton,twattongk@nydailynews.com,Female,1024,$39841.40,Alvin and the Chipmunks
598,Valle,Christophle,vchristophlegl@about.com,Polygender,32-593,$57550.60,Cleaner
599,Jemima,Reynoldson,jreynoldsongm@newsvine.com,Genderqueer,95234,$14602.86,Lost Souls
600,Cherye,Waison,cwaisongn@admin.ch,Non-binary,,$33797.81,Tom and Huck
601,Orsa,Dominici,odominicigo@booking.com,Bigender,,$46504.26,"Cure for Love, A (Lekarstwo na milosc)"
602,Sidonia,Dron,sdrongp@indiegogo.com,Female,,$33424.38,Mrs. Parker and the Vicious Circle
603,Travus,Weatherall,tweatherallgq@auda.org.au,Female,,$70554.58,Chato's Land
604,Avictor,Fanshawe,afanshawegr@biglobe.ne.jp,Non-binary,9217,$81931.07,Made in Britain
605,Leopold,Storror,lstorrorgs@ning.com,Genderqueer,11508,$5833.90,Crime Lords of Tokyo
606,Andriana,Kuhlmey,akuhlmeygt@forbes.com,Genderfluid,88540,$59080.83,Bats
607,Humphrey,Pitrollo,hpitrollogu@youtu.be,Polygender,992-0778,$63719.42,Angela's Ashes
608,Harley,Hatfield,hhatfieldgv@constantcontact.com,Polygender,,$24891.52,"Presence, The"
609,Dorelia,Goshawk,dgoshawkgw@goo.ne.jp,Non-binary,,$41661.13,"Trip, The"
610,Winny,Bode,wbodegx@google.com,Male,75934 CEDEX 19,$72016.65,"Iron Horse, The"
611,Farra,Santora,fsantoragy@discovery.com,Genderfluid,,$514.19,Abraham's Valley (Vale Abraão)
612,Allayne,Reyne,areynegz@wired.com,Male,,$29305.10,Kajaki
613,Seana,Lowth,slowthh0@fastcompany.com,Non-binary,2000-355,$35837.39,Kogel mogel
614,Zebulon,Ferfulle,zferfulleh1@1688.com,Male,,$72707.14,Geronimo
615,Findlay,Micheau,fmicheauh2@arstechnica.com,Polygender,,$49445.98,Tinker Tailor Soldier Spy
616,Walther,Inglesent,winglesenth3@ycombinator.com,Agender,3837,$12747.03,[REC] 4: Apocalypse
617,Robbi,Warhurst,rwarhursth4@qq.com,Female,,$14331.01,Mail Early for Xmas
618,Philbert,Fuller,pfullerh5@about.me,Genderfluid,140732,$26514.43,Abbott and Costello Meet Frankenstein
619,Anna-maria,Hickin,ahickinh6@stanford.edu,Male,32-080,$79976.38,Big Game
620,Oberon,Edgson,oedgsonh7@unc.edu,Female,8004,$70515.02,"Day the Universe Changed, The"
621,Ambrosio,Minney,aminneyh8@google.ca,Genderqueer,,$65123.23,What Did the Lady Forget? (Shukujo wa nani o wasureta ka) 
622,Cal,Dorrins,cdorrinsh9@wikimedia.org,Genderfluid,4325,$48709.81,Meatballs Part II
623,Roldan,Claffey,rclaffeyha@csmonitor.com,Bigender,628206,$72068.42,"Doorway to Hell, The"
624,Clarke,Mc Gaughey,cmcgaugheyhb@nba.com,Genderqueer,31170,$11416.28,"Aral, Fishing in an Invisible Sea"
625,Glyn,Bedle,gbedlehc@sfgate.com,Bigender,,$23560.85,"Maze, The"
626,Thoma,Casbourne,tcasbournehd@netscape.com,Female,,$49166.55,Downstairs
627,Wernher,Sybbe,wsybbehe@odnoklassniki.ru,Agender,378-0401,$8288.61,Cosmic Psychos: Blokes You Can Trust
628,Curry,Rupp,crupphf@archive.org,Genderfluid,7303,$85377.51,"Pill, The"
629,Giles,Brotherhead,gbrotherheadhg@vinaora.com,Genderfluid,3109,$25386.26,Port of Flowers
630,Annabella,Tixall,atixallhh@telegraph.co.uk,Female,29327 CEDEX,$57270.56,Sailor of the King
631,Ailee,Musson,amussonhi@hao123.com,Male,461639,$74210.73,Poto and Cabengo
632,Oona,Kirsopp,okirsopphj@nymag.com,Female,,$75212.27,Welcome to Sherwood! The Story of 'The Adventures of Robin Hood'
633,Chad,Lilly,clillyhk@creativecommons.org,Polygender,2029,$11720.23,Judex
634,Kennett,Twinbourne,ktwinbournehl@odnoklassniki.ru,Agender,614520,$35878.83,Peter Ibbetson
635,Keen,Domke,kdomkehm@fema.gov,Genderqueer,66-130,$10040.47,Vääpeli Körmy ja marsalkan sauva
636,Cherey,Broggelli,cbroggellihn@example.com,Non-binary,7504,$38263.05,"Young Black Stallion, The"
637,Hall,Sisselot,hsisselotho@ezinearticles.com,Non-binary,,$64384.61,"Death in the Garden (Mort en ce jardin, La)"
638,Agata,Filinkov,afilinkovhp@un.org,Bigender,,$36348.83,Himizu
639,Myrtia,Baptiste,mbaptistehq@dyndns.org,Genderfluid,,$82304.69,"Toxic Avenger, The"
640,,Philo,wphilohr@1und1.de,Bigender,,,
641,Hunter,Sidery,hsideryhs@printfriendly.com,Genderqueer,4848,$67035.90,"Duel at Silver Creek, The"
642,Deva,Reeks,dreeksht@cpanel.net,Genderqueer,02-158,$9653.28,King Kong Escapes (Kingu Kongu no gyakushû)
643,Gottfried,Tobias,gtobiashu@istockphoto.com,Genderfluid,,$33496.75,Amityville: A New Generation
644,Shaylah,Houston,shoustonhv@topsy.com,Genderfluid,5602,$9419.22,Freaky Friday
645,,Patman,fpatmanhw@vkontakte.ru,Male,,,
646,Micheal,Marde,mmardehx@soundcloud.com,Female,,$20424.91,Forgiven
647,Carmine,Cortnay,ccortnayhy@parallels.com,Genderqueer,664 57,$25769.91,Foreverland
648,Kain,Durante,kdurantehz@wp.com,Bigender,9714,$28384.04,If Looks Could Kill
649,Marthena,Fenn,mfenni0@hexun.com,Agender,,$62470.03,Sin City: A Dame to Kill For
650,Robenia,Magson,rmagsoni1@infoseek.co.jp,Male,675 31,$4929.45,Sunless (Sans Soleil)
651,Candice,Hagergham,chagerghami2@narod.ru,Female,457162,$32343.83,State of Play
652,Kerrill,Gowthorpe,kgowthorpei3@aboutads.info,Male,3212,$36139.13,"Way, Way Back, The"
653,Ardelle,Newcom,anewcomi4@cnbc.com,Non-binary,5090-105,$17386.03,Mutant Chronicles
654,Olly,Drydale,odrydalei5@stanford.edu,Agender,,$82099.14,Tyler Perry's The Single Moms Club
655,Vikky,McInility,vmcinilityi6@dailymotion.com,Genderqueer,,$7397.17,"List of Adrian Messenger, The"
656,Ronnie,Bockin,rbockini7@technorati.com,Genderfluid,85030,$20853.72,Crawlspace
657,Ryun,Gallichan,rgallichani8@princeton.edu,Non-binary,,$9816.94,Virginia City
658,Tito,Butters,tbuttersi9@cbc.ca,Non-binary,K2C,$88673.90,Fear Clinic
659,Wat,Coneybeare,wconeybeareia@techcrunch.com,Polygender,,$45803.39,Ghost in the Machine (a.k.a. Deadly Terror)
660,Frasier,Wilshire,fwilshireib@vistaprint.com,Agender,633456,$76500.11,The Cabin in the Cotton
661,Olvan,Moye,omoyeic@51.la,Non-binary,L4E,$12325.83,Free Range (Ballaad maailma heakskiitmisest)
662,Brena,Georgievski,bgeorgievskiid@newyorker.com,Bigender,2904,$36502.35,"Line, The (La linea)"
663,Nikolai,Pickworth,npickworthie@marriott.com,Agender,850009,$82346.01,Mr. Toad's Wild Ride (a.k.a. The Wind in the Willows)
664,Dulsea,Bampford,dbampfordif@fotki.com,Female,,$23575.70,Reno 911!: Miami
665,Spenser,Aldred,saldredig@i2i.jp,Male,,$87512.48,Osaka Elegy (Naniwa erejî)
666,Rog,MacAvaddy,rmacavaddyih@icq.com,Genderqueer,,$47809.64,"Manta, Manta"
667,Jobey,Stathor,jstathorii@columbia.edu,Polygender,,$60565.49,When Nietzsche Wept
668,Remy,Birchall,rbirchallij@marriott.com,Agender,93610,$88696.22,Good Old Daze (Le péril jeune)
669,Berthe,Nolte,bnolteik@amazon.co.uk,Non-binary,2605,$34847.36,First Daughter
670,Cam,Stalley,cstalleyil@ezinearticles.com,Genderfluid,,$37215.64,"Patch of Blue, A"
671,Gabriel,De Bell,gdebellim@goo.ne.jp,Male,,$59091.08,Two Days
672,Fredek,Doncom,fdoncomin@elegantthemes.com,Bigender,,$56295.56,Fiorile
673,Devondra,Gittens,dgittensio@nhs.uk,Bigender,,$41792.49,Belle époque
674,Vonni,Hagston,vhagstonip@opensource.org,Agender,,$66771.18,Zach Galifianakis: Live at the Purple Onion
675,Ariel,Ellsom,aellsomiq@bloglovin.com,Agender,5505,$1066.83,"Ice Harvest, The"
676,Tommie,Matzeitis,tmatzeitisir@nydailynews.com,Bigender,,$38038.03,"Grave Decisions (Wer früher stirbt, ist länger tot)"
677,Philis,Wrintmore,pwrintmoreis@mail.ru,Polygender,445560,$778.02,Rent: Filmed Live on Broadway
678,Irma,Wanstall,iwanstallit@soup.io,Polygender,,$37234.10,Autumn Spring (Babí léto)
679,Christiano,Govenlock,cgovenlockiu@buzzfeed.com,Genderqueer,,$44935.15,Dirty Filthy Love
680,Guido,Temporal,gtemporaliv@i2i.jp,Female,7209,$28953.25,"Song Is Born, A"
681,Averil,Biaggiotti,abiaggiottiiw@nasa.gov,Agender,,$16339.62,Bigger Than Life
682,Klemens,Tolfrey,ktolfreyix@auda.org.au,Bigender,,$27082.46,Rubber
683,Pepe,Giddens,pgiddensiy@ftc.gov,Non-binary,L9S,$26026.68,Regret to Inform
684,Mamie,Putnam,mputnamiz@cocolog-nifty.com,Genderqueer,,$62663.06,Sodom and Gomorrah
685,Sinclair,Baseke,sbasekej0@scientificamerican.com,Agender,30130,$26278.14,"Devil Inside, The"
686,Horatia,Napoleone,hnapoleonej1@barnesandnoble.com,Bigender,,$84669.00,Sleepwalk with Me
687,Ruperto,Dallman,rdallmanj2@patch.com,Bigender,40130,$10929.44,Aftermath: Population Zero
688,Ginni,Anthonies,ganthoniesj3@diigo.com,Agender,1050,$2894.61,"I Inside, The"
689,Aloin,Dumbarton,adumbartonj4@netlog.com,Polygender,,$31544.51,Dementia (a.k.a. Daughter of Horror)
690,Jedidiah,Basilone,jbasilonej5@themeforest.net,Polygender,75582 CEDEX 12,$51810.82,Kilometre Zero (Kilomètre zéro)
691,Dido,Spurier,dspurierj6@infoseek.co.jp,Non-binary,,$82811.37,Hour of the Wolf (Vargtimmen)
692,Barrie,Grog,bgrogj7@gov.uk,Female,,$1059.23,Stand Up Guys
693,Stevana,Cuffin,scuffinj8@google.com,Female,91309 CEDEX,$49894.76,"Deal, The"
694,Mozelle,Lesurf,mlesurfj9@1688.com,Bigender,,$2230.09,Kung Fu Panda
695,Tildie,Kimberly,tkimberlyja@cbsnews.com,Non-binary,28900-000,$54672.55,Father of Invention
696,Jayne,Jakeman,jjakemanjb@joomla.org,Genderqueer,,$82329.38,No Time For Sergeants
697,Maddie,Yallop,myallopjc@netlog.com,Polygender,,$56125.72,Sex and the Single Girl
698,Hardy,Seares,hsearesjd@sbwire.com,Bigender,25290,$39027.94,Scar
699,Delaney,Dimberline,ddimberlineje@foxnews.com,Male,,$20603.83,Tanguy
700,Amata,Gormley,agormleyjf@squarespace.com,Bigender,B3T,$52834.19,"House I Live In, The"
701,,Belsham,cbelshamjg@canalblog.com,Non-binary,,,
702,Denis,Hinemoor,dhinemoorjh@youtu.be,Polygender,177007,$4530.81,Cinemania
703,Gael,Collen,gcollenji@about.com,Non-binary,751 21,$43495.06,Whoregasm
704,Turner,Munning,tmunningjj@merriam-webster.com,Bigender,05-530,$26424.14,Bringing Out the Dead
705,Mendie,Gann,mgannjk@redcross.org,Agender,91901,$37842.21,Catacombs
706,Fanny,Shuttell,fshuttelljl@icio.us,Bigender,511 58,$41712.44,"Death of the Incredible Hulk, The"
707,Niki,Kyneton,nkynetonjm@shinystat.com,Bigender,S7K,$28967.54,Liberal Arts
708,Selene,McColley,smccolleyjn@pen.io,Male,7008,$89697.99,Invitation to the Dance
709,Kessiah,Synnot,ksynnotjo@youtu.be,Female,,$84116.40,Film ist a Girl & a Gun
710,Josselyn,Castellucci,jcastelluccijp@prnewswire.com,Polygender,3193,$38987.56,Blue
711,Wenonah,Langham,wlanghamjq@posterous.com,Agender,989-1505,$33167.44,Action Jackson
712,Ileane,Twitchett,itwitchettjr@jigsy.com,Genderqueer,,$89727.80,Runaway
713,Clarey,Costelow,ccostelowjs@vinaora.com,Non-binary,3103,$5031.66,Boogie Nights
714,Jennica,Jelk,jjelkjt@guardian.co.uk,Bigender,25071 CEDEX 9,$45242.36,Dark Matter
715,Elysha,Mangon,emangonju@hatena.ne.jp,Non-binary,413067,$23957.73,Banklady
716,Joella,Thomazet,jthomazetjv@japanpost.jp,Polygender,,$63000.38,"39 Steps, The"
717,Stanley,Hunte,shuntejw@google.com.au,Genderfluid,168 37,$12100.84,Vendetta
718,Jeniffer,McCorkindale,jmccorkindalejx@studiopress.com,Female,,$18127.31,Batman: Under the Red Hood
719,Paolo,Slaughter,pslaughterjy@cnbc.com,Genderfluid,,$6060.69,Butterflies Have No Memories
720,Erika,Hanse,ehansejz@sohu.com,Non-binary,,$40404.46,Game Over: Kasparov and the Machine
721,Darcy,Clague,dclaguek0@cmu.edu,Genderfluid,,$35054.83,Blackout (Contraband)
722,Marris,Ewers,mewersk1@webmd.com,Agender,,$906.55,Seduced and Abandoned
723,Lilah,Cleaves,lcleavesk2@umn.edu,Male,422505,$65739.17,Legal Eagles
724,Nydia,Upcott,nupcottk3@bbb.org,Genderqueer,1440,$64688.43,OKA!
725,Averil,Guise,aguisek4@github.io,Agender,82200,$54880.05,Zero 2
726,Veda,Checci,vcheccik5@people.com.cn,Polygender,411 21,$42249.04,Doc Hollywood
727,Hertha,Saxton,hsaxtonk6@cnn.com,Female,676135,$83665.11,"Return of the Living Dead, The"
728,Katusha,Ineson,kinesonk7@about.com,Male,49100-000,$72146.77,"King of Texas, The"
729,Reamonn,Caskey,rcaskeyk8@stumbleupon.com,Non-binary,,$47096.13,Look
730,Chase,Coopland,ccooplandk9@forbes.com,Agender,,$15365.53,"Professionals, The"
731,Innis,Janata,ijanataka@ycombinator.com,Male,,$24498.20,Dragon Inn (Sun lung moon hak chan)
732,Deloria,Marquiss,dmarquisskb@mapquest.com,Non-binary,1880,$33358.33,"Man in the Iron Mask, The"
733,Freddi,Carlisi,fcarlisikc@example.com,Male,,$40748.62,Film ist. 7-12
734,Padraic,Hannabuss,phannabusskd@cafepress.com,Agender,,$6635.47,17 Again
735,Blair,Edelmann,bedelmannke@intel.com,Genderfluid,,$60275.69,Casual Sex?
736,,Labbe,nlabbekf@nyu.edu,Non-binary,,,
737,Garey,Vella,gvellakg@hhs.gov,Polygender,,$14981.12,Shackleton's Antarctic Adventure
738,Tonie,Kaplin,tkaplinkh@instagram.com,Agender,31139 CEDEX,$71322.88,"Bridge, The"
739,Darby,Clampton,dclamptonki@slate.com,Agender,,$71353.59,"Seduction of Joe Tynan, The"
740,Gloria,Collinson,gcollinsonkj@quantcast.com,Agender,,$14143.05,Corky Romano
741,Cash,Fairbridge,cfairbridgekk@biblegateway.com,Male,,$13512.55,And the Ship Sails On (E la nave va)
742,Ilaire,Baggelley,ibaggelleykl@jugem.jp,Non-binary,,$50644.80,Are All Men Pedophiles
743,Rip,Paulson,rpaulsonkm@amazon.co.uk,Genderqueer,3104,$9304.79,Mister Johnson
744,Theo,Taverner,ttavernerkn@wufoo.com,Non-binary,46100-000,$85722.98,"Flim-Flam Man, The"
745,Karil,Bostick,kbostickko@dailymail.co.uk,Agender,15130,$89824.36,"Blade, The (Dao)"
746,Dedra,Wysome,dwysomekp@istockphoto.com,Genderfluid,,$35971.58,Cargo 200 (Gruz 200)
747,Tammy,Haukey,thaukeykq@google.it,Polygender,,$56790.16,Chris Rock: Bigger & Blacker
748,Lelia,Vanyakin,lvanyakinkr@e-recht24.de,Female,,$75286.96,Dr. Strangelove or: How I Learned to Stop Worrying and Love the Bomb
749,,Brisseau,gbrisseauks@twitter.com,Genderfluid,,,
750,Pippa,Muehler,pmuehlerkt@addtoany.com,Female,,$28568.27,Interrogation (Przesluchanie)
751,Byram,Arran,barranku@webeden.co.uk,Female,,$31412.96,Vares: The Path of the Righteous Men (Vares - Kaidan tien kulkijat)
752,Hansiain,Shuker,hshukerkv@ibm.com,Male,,$5904.23,"Frisco Kid, The"
753,Verge,Penfold,vpenfoldkw@ifeng.com,Genderfluid,904-2223,$78418.23,September
754,Rosemaria,Willment,rwillmentkx@facebook.com,Bigender,,$50386.16,Quarantine
755,Elysha,Weeks,eweeksky@cloudflare.com,Genderfluid,D17,$87837.63,Fifty Pills
756,,Kohring,ckohringkz@delicious.com,Non-binary,,,
757,Ingrid,Tilly,itillyl0@army.mil,Female,,$28834.68,"Bridges at Toko-Ri, The"
758,Sena,McGaugan,smcgauganl1@hibu.com,Female,,$74297.79,"Not on Your Life (Verdugo, El) (Executioner, The)"
759,Lauretta,Hammarberg,lhammarbergl2@ezinearticles.com,Genderfluid,,$58935.79,Ripley Under Ground
760,Rubia,Crannage,rcrannagel3@symantec.com,Female,,$49391.84,Ondine
761,Norine,Ammer,nammerl4@dell.com,Female,19-420,$42582.07,Shinobi No Mono 3: Resurrection (Shin shinobi no mono)
762,Grethel,Bremeyer,gbremeyerl5@nbcnews.com,Bigender,0918,$53419.88,Mr. Wu
763,Nels,Cornwell,ncornwelll6@ycombinator.com,Genderqueer,,$380.76,Hero (Ying xiong)
764,Malva,Benedyktowicz,mbenedyktowiczl7@opensource.org,Bigender,,$25357.33,Mum & Dad
765,Dillie,Adelman,dadelmanl8@paginegialle.it,Genderfluid,73-220,$50872.21,Penda's Fen
766,Kipper,Madgwick,kmadgwickl9@hhs.gov,Polygender,,$16314.65,Phil Ochs: There But for Fortune
767,Charleen,Franzke,cfranzkela@hatena.ne.jp,Male,,$29930.11,Medea
768,,Steuhlmeyer,jsteuhlmeyerlb@stanford.edu,Male,,,
769,Lesley,Colton,lcoltonlc@comsenz.com,Genderqueer,69670-000,$78310.35,Fire Birds
770,Pauly,Jenno,pjennold@businesswire.com,Polygender,,$38030.36,S.O.S. Coast Guard
771,Brnaby,Luberto,blubertole@cyberchimps.com,Polygender,,$31360.50,Devour
772,Flori,Rosoman,frosomanlf@blogtalkradio.com,Female,,$5657.84,Patton Oswalt: My Weakness Is Strong
773,Zelig,Edrich,zedrichlg@quantcast.com,Bigender,05-804,$47885.92,Moonlight Serenade
774,,Blampied,wblampiedlh@t-online.de,Male,,,
775,Dee,Lotwich,dlotwichli@unesco.org,Female,,$58742.21,"Wild Geese, The"
776,Jannel,Ghidini,jghidinilj@mapquest.com,Male,,$64153.22,Horrible Bosses
777,Thor,Idenden,tidendenlk@wsj.com,Bigender,,$81146.30,Boys
778,Irv,Spritt,isprittll@wp.com,Genderqueer,,$49794.53,I Went Down
779,Dalia,Cosin,dcosinlm@smugmug.com,Genderfluid,,$65769.57,Pee-wee's Big Adventure
780,Minor,Poyntz,mpoyntzln@t-online.de,Non-binary,659555,$9318.97,"Glass-blower's Children, The (Glasblåsarns barn)"
781,Julianna,Rome,jromelo@foxnews.com,Male,4100,$6930.17,Spring Fever
782,Kendricks,Kinnie,kkinnielp@instagram.com,Polygender,,$55726.85,Back to the USSR - takaisin Ryssiin
783,Ozzy,Brassill,obrassilllq@baidu.com,Female,,$20874.09,Boyz N the Hood
784,Stephanus,Meere,smeerelr@liveinternet.ru,Genderfluid,13465-000,$79721.37,High and Low (Tengoku to jigoku)
785,Sancho,Blunderfield,sblunderfieldls@elegantthemes.com,Genderfluid,,$57667.97,Slacker 2011
786,Robyn,Berthe,rberthelt@com.com,Non-binary,34350,$50791.59,Nom de code : Rose
787,Marja,Klagges,mklaggeslu@mapquest.com,Non-binary,305-0028,$65050.63,Fun
788,Gabbie,Goodhay,ggoodhaylv@dropbox.com,Genderqueer,89136-000,$4648.05,"Day the Sun Turned Cold, The (Tianguo niezi)"
789,Guntar,Camel,gcamellw@wikipedia.org,Male,7024,$6444.04,"Huey P. Newton Story, A"
790,Avivah,Foat,afoatlx@senate.gov,Female,,$75748.05,"Young Törless, The (Junge Törless, Der)"
791,Georgeanna,Jarrelt,gjarreltly@e-recht24.de,Bigender,,$89378.59,Dating the Enemy
792,Noah,Fielden,nfieldenlz@wufoo.com,Bigender,,$80176.07,Viola
793,Sydney,Grzegorzewski,sgrzegorzewskim0@yahoo.com,Polygender,,$7880.77,Last Vegas
794,Ardra,Jeduch,ajeduchm1@sogou.com,Genderqueer,,$31967.97,Fancy Pants
795,Brocky,Pennaman,bpennamanm2@tmall.com,Female,79171,$85463.51,Trapeze
796,Brena,Spurr,bspurrm3@cnn.com,Bigender,,$46698.36,Why Worry?
797,Karon,Call,kcallm4@sfgate.com,Bigender,,$61858.39,Book of Love
798,Jervis,Lugard,jlugardm5@huffingtonpost.com,Female,,$82269.45,Anne of Green Gables
799,Burke,Keaton,bkeatonm6@guardian.co.uk,Non-binary,20000,$27310.55,"Karate Kid, The"
800,Abie,Cannicott,acannicottm7@latimes.com,Bigender,,$13079.27,"Marquise of O, The (Marquise von O..., Die)"
801,Aila,Calderon,acalderonm8@disqus.com,Female,,$26253.52,Saturday the 14th
802,Erminie,Brookwood,ebrookwoodm9@go.com,Bigender,13298 CEDEX 20,$218.69,"Homesman, The"
803,Sumner,Arger,sargerma@umich.edu,Male,185035,$51356.92,Lost in Austen
804,Lynea,Delagnes,ldelagnesmb@symantec.com,Genderqueer,77645-000,$45034.27,Weird Woman
805,Celestia,Annell,cannellmc@cam.ac.uk,Genderqueer,97487 CEDEX,$31458.24,Ace of Hearts
806,Addison,Bresnahan,abresnahanmd@rediff.com,Agender,8722,$52509.55,Fathers' Day
807,Birgit,Keniwell,bkeniwellme@cnbc.com,Polygender,,$41899.29,Guilty as Sin
808,Bronnie,Rowthorn,browthornmf@latimes.com,Male,32230,$27015.03,Vincere
809,Natal,Delepine,ndelepinemg@cloudflare.com,Polygender,N3,$45130.81,Don Quixote
810,Charline,Fudge,cfudgemh@nytimes.com,Non-binary,,$30071.12,"Burning Plain, The"
811,Nichols,Gilardi,ngilardimi@google.com.hk,Genderqueer,65715-000,$86902.43,Coffee Town
812,Jdavie,Schruur,jschruurmj@bloglovin.com,Male,65191,$32108.63,"Hunters, The"
813,Myrlene,Hayford,mhayfordmk@nbcnews.com,Genderfluid,,$51082.10,Good Guys Wear Black
814,Kathye,Kleinsmuntz,kkleinsmuntzml@un.org,Polygender,48475-000,$64837.22,"Goodbye, Dragon Inn (Bu san)"
815,Douglas,Navarro,dnavarromm@4shared.com,Male,,$31976.33,Spring Break Shark Attack
816,Weston,Dand,wdandmn@wired.com,Genderqueer,,$70234.42,Wild Guitar
817,Seumas,Ballendine,sballendinemo@google.com,Bigender,39670-000,$53024.94,Greystone Park
818,Zackariah,Drance,zdrancemp@constantcontact.com,Genderfluid,411 17,$70282.00,"Web of Death, The"
819,Taite,Gracey,tgraceymq@ameblo.jp,Bigender,20275,$35180.83,Miami Blues
820,Yevette,Raddish,yraddishmr@trellian.com,Polygender,300-0331,$60316.00,Hero (Ying xiong)
821,Stanfield,Oty,sotyms@webs.com,Non-binary,,$40069.01,"Great Gatsby, The"
822,Carole,Yeeles,cyeelesmt@yahoo.co.jp,Agender,87-207,$70813.31,Dr. Bronner's Magic Soapbox
823,,Jobin,hjobinmu@odnoklassniki.ru,Bigender,,,
824,Carolin,Liverock,cliverockmv@example.com,Genderqueer,,$44867.77,Lunopolis
825,,Gerhold,rgerholdmw@soundcloud.com,Polygender,,,
826,Zena,De Santos,zdesantosmx@vimeo.com,Genderfluid,,$68441.85,Trance
827,Aron,Gebb,agebbmy@thetimes.co.uk,Bigender,,$16317.35,"NeverEnding Story III, The"
828,Augusto,Doull,adoullmz@washington.edu,Female,,$410.51,Glory Daze
829,Enriqueta,Mozzetti,emozzettin0@newyorker.com,Agender,2070-510,$65620.01,Illtown
830,Colman,Dilliston,cdillistonn1@reddit.com,Polygender,,$4234.69,So Ends Our Night
831,Dione,Prichet,dprichetn2@fotki.com,Agender,,$42025.38,Leprechaun: Origins
832,Stanford,Trahair,strahairn3@studiopress.com,Female,,$13066.96,The Dust Bowl
833,Nicolas,Longbottom,nlongbottomn4@exblog.jp,Bigender,,$18581.94,Rashomon (Rashômon)
834,Wenonah,Guesford,wguesfordn5@java.com,Genderqueer,,$75230.05,"Walk to Remember, A"
835,Agnesse,Limprecht,alimprechtn6@theguardian.com,Female,,$69656.74,Cat Chaser
836,Sancho,Mabb,smabbn7@symantec.com,Non-binary,274 34,$8623.01,Tenure
837,Kort,Creddon,kcreddonn8@bbc.co.uk,Bigender,51415,$13923.01,Into the Storm
838,Lisette,Caron,lcaronn9@cisco.com,Non-binary,13260,$19228.43,Louis C.K.: Chewed Up
839,Marlena,Shilton,mshiltonna@lulu.com,Male,5509,$54727.58,Strongman
840,Mill,Uppett,muppettnb@answers.com,Genderqueer,,$19682.70,Sahara
841,Trace,Licquorish,tlicquorishnc@chron.com,Polygender,,$27308.63,Love Life
842,Norma,Clever,nclevernd@vinaora.com,Genderqueer,,$3949.29,There's Always A Woman
843,Issi,Streeton,istreetonne@nbcnews.com,Polygender,358 01,$33057.64,Agnes Browne
844,Ursula,Spreag,uspreagnf@cnbc.com,Genderfluid,,$70841.91,Sophie Scholl: The Final Days (Sophie Scholl - Die letzten Tage)
845,Dode,Farlam,dfarlamng@vimeo.com,Polygender,,$16085.50,School For Scoundrels
846,Grantley,Baszniak,gbaszniaknh@yahoo.co.jp,Genderqueer,97650-000,$61380.77,October Baby
847,Ted,Ivan,tivanni@jiathis.com,Non-binary,,$62888.00,"Goddess of 1967, The"
848,Bethanne,Mowbray,bmowbraynj@tripadvisor.com,Male,,$59299.83,Out Late 
849,Tersina,Deluce,tdelucenk@newsvine.com,Male,,$42997.75,Safe House
850,Florette,Jerzycowski,fjerzycowskinl@themeforest.net,Agender,,$50712.41,Going Down in LA-LA Land
851,Donnie,Cisec,dcisecnm@vk.com,Male,,$4185.52,"Seduction of Joe Tynan, The"
852,Weylin,Sunner,wsunnernn@hao123.com,Agender,,$32470.17,"Rita, Sue and Bob Too!"
853,Spencer,Elcock,selcockno@sohu.com,Bigender,J1S,$74508.36,"Farewell, The (Abschied - Brechts letzter Sommer)"
854,Ingra,Hartill,ihartillnp@craigslist.org,Genderfluid,,$16984.28,Some Folks Call It a Sling Blade
855,Jermain,M'Barron,jmbarronnq@github.com,Female,43120,$17145.73,"Perfect Crime, The (Crimen Ferpecto) (Ferpect Crime)"
856,Germayne,Brellin,gbrellinnr@amazonaws.com,Genderfluid,,$16475.57,"Safe Place, A"
857,Orsa,Tildesley,otildesleyns@surveymonkey.com,Male,2231,$59815.71,"Sunday in the Country, A (Un dimanche à la campagne)"
858,Aluin,McOrkill,amcorkillnt@bravesites.com,Male,,$88755.13,Ghosts of Mars
859,Temple,Beste,tbestenu@amazon.de,Non-binary,,$8820.81,"Classic, The (Klassikko)"
860,Haily,Cropper,hcroppernv@independent.co.uk,Non-binary,32-437,$23831.96,Love Hina Christmas Special: Silent Eve (Rabu Hina kurisumasu supesharu: Sairento ivu)
861,Townie,Kilpatrick,tkilpatricknw@redcross.org,Genderfluid,99-235,$13588.96,"Burning Bed, The"
862,Marsha,Mushart,mmushartnx@ehow.com,Non-binary,181 41,$18565.87,Just Sex and Nothing Else (Csak szex és más semmi)
863,Beitris,Donnachie,bdonnachieny@hubpages.com,Polygender,25190,$14194.65,The Legend of Awesomest Maximus
864,Noreen,Mouncher,nmounchernz@about.me,Bigender,3630-074,$86593.36,Abraham Lincoln
865,Clyde,Hinkes,chinkeso0@guardian.co.uk,Male,08500-000,$9442.79,Brewster's Millions
866,Thalia,Baroux,tbarouxo1@liveinternet.ru,Agender,,$72040.85,ABBA: The Movie
867,Fulton,Vellender,fvellendero2@wix.com,Polygender,,$62567.39,Quality Street
868,Bronny,Esgate,besgateo3@sfgate.com,Female,,$18331.43,"Arrow, The"
869,Karylin,Ivanchov,kivanchovo4@domainmarket.com,Female,,$56853.84,Executioners (Xian dai hao xia zhuan)
870,Cristabel,Meconi,cmeconio5@dedecms.com,Female,353147,$33887.18,"Aristocats, The"
871,Egon,Marishenko,emarishenkoo6@gnu.org,Genderqueer,75780,$42372.78,Loaded Weapon 1 (National Lampoon's Loaded Weapon 1)
872,Waylon,Fermin,wfermino7@wikipedia.org,Polygender,5614,$89637.01,Tout ce qui brille
873,Brand,Smidmor,bsmidmoro8@microsoft.com,Polygender,44245-000,$73038.46,Sullivan's Travels
874,Kyla,Duke,kdukeo9@deliciousdays.com,Female,13190,$45703.48,My Girl
875,Ware,Pettyfer,wpettyferoa@google.it,Agender,5470-206,$76874.86,Vasermil
876,Desiri,Tabard,dtabardob@unc.edu,Female,142139,$58505.91,Five Angles on Murder
877,Wright,Gherardini,wgherardinioc@marriott.com,Female,,$64746.38,Wilby Wonderful
878,Rafaello,Armall,rarmallod@mapquest.com,Genderqueer,,$71116.68,"Drowning Pool, The"
879,Rea,Poleykett,rpoleykettoe@comcast.net,Non-binary,4650-071,$39413.18,"Exercice de l'État, L'"
880,Lora,Algy,lalgyof@infoseek.co.jp,Non-binary,2445,$83815.68,Neil Young Journeys
881,Bonita,Barmby,bbarmbyog@prnewswire.com,Male,,$31954.19,Guest from the Future (Gostya iz buduschego)
882,Aleksandr,Bilney,abilneyoh@istockphoto.com,Genderfluid,,$87143.88,Sittin' on a Backyard Fence
883,Afton,Stampfer,astampferoi@cnet.com,Male,,$30259.38,What If... (An...)
884,Kelly,Blumfield,kblumfieldoj@live.com,Bigender,6548,$51012.74,Dying of Laughter (Muertos de Risa)
885,Malvina,Redihough,mredihoughok@auda.org.au,Agender,78490,$42889.43,"Bitter Tears of Petra von Kant, The (bitteren Tränen der Petra von Kant, Die)"
886,Adella,Owens,aowensol@wp.com,Genderfluid,60619,$39222.73,Rabbit Without Ears 2 (Zweiohrküken)
887,Margaret,Cellone,mcelloneom@studiopress.com,Polygender,,$78109.82,Bride of the Monster
888,Brannon,Winspur,bwinspuron@senate.gov,Polygender,N1G,$65125.19,Swept Away (Travolti da un insolito destino nell'azzurro mare d'Agosto)
889,Janella,Aked,jakedoo@businessweek.com,Genderfluid,,$8565.54,"Imposter, The"
890,Waylen,Laurent,wlaurentop@mozilla.com,Female,2815-625,$14398.01,Frontier of the Dawn (La frontière de l'aube)
891,Torrie,Danielut,tdanielutoq@wunderground.com,Polygender,,$78686.25,Joan of Arc
892,Sarette,Marti,smartior@cdc.gov,Bigender,,$1404.50,Save the Tiger
893,Trevor,Merle,tmerleos@ow.ly,Non-binary,4770-834,$11620.72,American Ninja 4: The Annihilation
894,Con,Alywen,calywenot@illinois.edu,Male,59343-000,$16256.19,"Solitude of Prime Numbers, The"
895,Chuck,McCluin,cmccluinou@rambler.ru,Agender,,$84278.13,"Late August, Early September (Fin août, début septembre)"
896,Sibel,Emby,sembyov@angelfire.com,Male,,$36149.21,Import/Export
897,Aymer,Adne,aadneow@photobucket.com,Genderqueer,,$58794.62,Unconquered
898,Coralyn,Trowl,ctrowlox@pagesperso-orange.fr,Non-binary,857 42,$68046.39,"Beast Within, The"
899,Dulciana,Lenaghen,dlenaghenoy@flickr.com,Male,3261,$7342.97,Animal House
900,Jsandye,Hellicar,jhellicaroz@chronoengine.com,Female,13940-000,$84619.98,Midnight Lace
901,Jeanine,Dorracott,jdorracottp0@google.pl,Male,,$85362.66,Reincarnation
902,Laetitia,Baud,lbaudp1@dyndns.org,Female,,$39416.13,No Impact Man: The Documentary
903,Yolanda,Mapes,ymapesp2@usa.gov,Bigender,80000,$67970.44,"Affair of the Heart, An"
904,Sigismondo,Roast,sroastp3@godaddy.com,Female,,$62473.74,Moonrise Kingdom
905,Cazzie,Carlino,ccarlinop4@is.gd,Agender,9017,$52844.07,Gunman's Walk 
906,Lauritz,Kittley,lkittleyp5@mediafire.com,Polygender,63700-000,$41584.18,Love Is the Devil
907,Kenny,McVicker,kmcvickerp6@ucla.edu,Male,111831,$39166.64,Yertle the Turtle and Other Stories
908,Lolita,Dunguy,ldunguyp7@merriam-webster.com,Non-binary,,$77752.93,Scatter My Ashes at Bergdorf's
909,Alfy,Shama,ashamap8@163.com,Male,,$56083.47,Bedazzled
910,Frankie,Aspinall,faspinallp9@baidu.com,Male,93517 CEDEX,$31447.86,Marion Bridge
911,Thoma,Baudouin,tbaudouinpa@moonfruit.com,Genderqueer,,$32465.21,"Tunnel, The"
912,Gelya,Hanny,ghannypb@xrea.com,Agender,,$32790.54,"Crocodile Hunter: Collision Course, The"
913,Annette,Wiggans,awigganspc@yellowbook.com,Bigender,32-859,$34223.24,Battlefield Baseball (Jigoku kôshien)
914,Augustus,Lead,aleadpd@skype.com,Non-binary,,$89413.77,Brain Dead
915,Amil,Houndsom,ahoundsompe@usgs.gov,Genderqueer,,$58418.10,Elizabeth: The Golden Age
916,Rheta,Kenwin,rkenwinpf@phpbb.com,Genderfluid,,$10862.77,Muddy River
917,Gage,Duguid,gduguidpg@tamu.edu,Female,183027,$76221.86,First a Girl
918,Verge,O'Hannigan,vohanniganph@1und1.de,Genderfluid,5172,$81627.86,Humoresque
919,Jared,Cantera,jcanterapi@dmoz.org,Genderfluid,357323,$24126.32,Payback
920,Mignonne,Cardenoza,mcardenozapj@gmpg.org,Agender,59500-000,$82003.09,Jawbreaker
921,Vivie,Filmer,vfilmerpk@virginia.edu,Female,77544 CEDEX,$11657.87,Beautiful Girl
922,Fredrika,Piccard,fpiccardpl@jalbum.net,Agender,45580-000,$53183.74,Rick
923,Ashli,Jackes,ajackespm@businessweek.com,Agender,,$73094.81,Tales from the Hood
924,Dunc,Seignior,dseigniorpn@wordpress.org,Genderqueer,,$47849.29,Hunk
925,Tammi,Astle,tastlepo@google.co.uk,Bigender,,$56518.21,Twelve and Holding
926,Demeter,Goodswen,dgoodswenpp@seesaa.net,Agender,,$46765.10,Old Yeller
927,Gianna,Blow,gblowpq@mozilla.com,Polygender,,$61515.10,Rebirth of Mothra
928,Elberta,Gypps,egyppspr@reuters.com,Genderfluid,,$41252.96,Fantastic Voyage
929,Zilvia,Tumbridge,ztumbridgeps@weebly.com,Female,,$21450.94,"Money Money Money (L'aventure, c'est l'aventure)"
930,Thedric,Whittingham,twhittinghampt@huffingtonpost.com,Polygender,,$16975.65,Disturbing Behavior
931,Paton,Gallimore,pgallimorepu@reuters.com,Agender,,$63592.34,Superman IV: The Quest for Peace
932,Adel,Skipton,askiptonpv@youtu.be,Male,,$40467.13,Guilty (Présumé coupable)
933,Corny,Erdely,cerdelypw@virginia.edu,Female,,$67236.96,Lacombe Lucien
934,Sal,Cordero,scorderopx@google.fr,Female,,$32843.25,"Man from Laramie, The"
935,Roseanna,Pursehouse,rpursehousepy@chron.com,Non-binary,10210,$83979.40,"Pure Formality, A (Pura formalità, Una)"
936,Cariotta,Champerlen,cchamperlenpz@deviantart.com,Bigender,,$76706.08,Idle Mist (Vana Espuma)
937,Prinz,Riccio,priccioq0@addthis.com,Agender,141 48,$22594.06,Allegheny Uprising
938,,Salway,asalwayq1@ed.gov,Agender,,,
939,Pembroke,Tiltman,ptiltmanq2@ebay.com,Polygender,,$19395.27,"Kremlin Letter, The"
940,Adlai,Chagg,achaggq3@sciencedaily.com,Female,,$85253.62,Exorcist II: The Heretic
941,Katalin,Coote,kcooteq4@wikia.com,Polygender,1270,$57074.50,"Wendell Baker Story, The"
942,Mathilde,Lightbody,mlightbodyq5@wikipedia.org,Female,,$49949.31,No Way to Treat a Lady
943,Tonya,Coulthard,tcoulthardq6@google.com.au,Agender,,$24632.84,Arranged
944,Kingsley,Leeke,kleekeq7@yolasite.com,Non-binary,,$621.88,Deep Rising
945,Lurette,Hallen,lhallenq8@dailymotion.com,Genderqueer,851 83,$8369.26,"Misérables, Les"
946,Shane,Kerner,skernerq9@intel.com,Bigender,,$45361.61,Invitation to Happiness
947,Rosco,Corragan,rcorraganqa@uiuc.edu,Male,00-805,$88239.34,Before Night Falls
948,Bone,Kohrt,bkohrtqb@hibu.com,Agender,77-201,$59742.91,Shaka Zulu: The Citadel
949,Mariele,Gregoriou,mgregoriouqc@shutterfly.com,Genderfluid,,$46877.44,"River, The"
950,Hedy,Gorse,hgorseqd@sina.com.cn,Non-binary,,$74174.64,The Merry Widow
951,Meyer,Whittleton,mwhittletonqe@google.com.hk,Agender,813 91,$31692.54,Badmaash Company
952,Becki,Paladino,bpaladinoqf@dropbox.com,Genderfluid,87390-000,$53209.43,Questioning Darwin
953,Cristobal,Darko,cdarkoqg@ebay.com,Genderfluid,,$27145.95,"Hypothesis of the Stolen Painting, The (L'hypothèse du tableau volé)"
954,Viv,Autrie,vautrieqh@dyndns.org,Polygender,73900-000,$16770.61,Jesse Stone: Stone Cold
955,Myrtie,Witt,mwittqi@howstuffworks.com,Female,,$86269.06,Manufacturing Dissent
956,Roxie,Hucknall,rhucknallqj@howstuffworks.com,Bigender,28970-000,$34893.00,Intimate Strangers (Confidences trop intimes)
957,Barbi,Dubose,bduboseqk@usatoday.com,Female,,$61332.23,Innocent Lies
958,Dora,O'Rafferty,doraffertyql@cnn.com,Agender,,$35971.20,Christopher Columbus: The Discovery
959,Jarrid,Hovenden,jhovendenqm@tinypic.com,Polygender,,$54837.72,Passion of Love (Passione d'amore)
960,Shoshana,Rawlin,srawlinqn@buzzfeed.com,Genderqueer,,$57042.95,My Geisha
961,Eleanora,Briskey,ebriskeyqo@yandex.ru,Male,,$58185.43,Blind Dating
962,Kizzie,Polak,kpolakqp@goo.ne.jp,Polygender,9212,$18997.14,Cane Toads: The Conquest
963,Elvira,Lindblad,elindbladqq@instagram.com,Agender,5110,$89719.15,"Temptations, The"
964,Illa,Osgarby,iosgarbyqr@sakura.ne.jp,Agender,,$65698.90,3 Blind Mice
965,,Brough,abroughqs@nyu.edu,Non-binary,,,
966,Cedric,Epelett,cepelettqt@craigslist.org,Female,,$47370.46,Final Fantasy: The Spirits Within
967,Ross,McVitty,rmcvittyqu@census.gov,Genderqueer,22096,$77343.08,"Saga of Gosta Berling, The (Gösta Berlings saga)"
968,Odetta,Ivanikhin,oivanikhinqv@scribd.com,Non-binary,85000,$68751.84,Bye Bye Monkey (Ciao maschio)
969,Myca,Van den Oord,mvandenoordqw@state.tx.us,Bigender,353220,$71374.49,For Your Eyes Only
970,Paolo,Brownsell,pbrownsellqx@answers.com,Male,1477,$11.58,Hercules and the Amazon Women
971,Marian,Cambden,mcambdenqy@360.cn,Agender,141650,$55519.07,Gunman's Walk 
972,Neille,Bristo,nbristoqz@addthis.com,Non-binary,919-0486,$75139.15,"Prophecy 3: The Ascent, The"
973,Padriac,Andriveaux,pandriveauxr0@harvard.edu,Genderqueer,,$30843.89,Soldier Blue
974,Brina,Strover,bstroverr1@ebay.co.uk,Genderqueer,43-188,$85347.37,Project Almanac
975,Geralda,Jannings,gjanningsr2@google.de,Non-binary,7413,$11502.13,Outside the Law
976,Freddy,Chapier,fchapierr3@opera.com,Male,,$73038.64,"World's Greatest Athlete, The"
977,Kent,Olenikov,kolenikovr4@geocities.jp,Bigender,7103,$67394.59,DarkBlueAlmostBlack (Azuloscurocasinegro)
978,Danika,Sleightholm,dsleightholmr5@aol.com,Male,31150,$84173.84,Thieves Like Us
979,Augie,Ruby,arubyr6@ow.ly,Bigender,6834,$60968.07,Métastases
980,Regan,Cobbin,rcobbinr7@mediafire.com,Male,612744,$65909.48,"Peacemaker, The"
981,Jenni,Marre,jmarrer8@rambler.ru,Non-binary,75934 CEDEX 19,$18738.21,Shockproof
982,Son,Capnerhurst,scapnerhurstr9@economist.com,Non-binary,,$72315.94,Donovan's Brain
983,Arlyne,McClymont,amcclymontra@diigo.com,Genderfluid,9400,$64095.19,It Happened at the World's Fair
984,Danna,Akess,dakessrb@google.fr,Agender,T4H,$55644.28,Tobor the Great
985,Teodoro,Sawney,tsawneyrc@imgur.com,Polygender,533 50,$62395.10,Paris Trout
986,Brendis,MacLachlan,bmaclachlanrd@alibaba.com,Male,H12,$6584.19,Blackbird
987,Earl,People,epeoplere@nydailynews.com,Genderfluid,,$38478.29,Chicago
988,Adrianna,Wildish,awildishrf@admin.ch,Male,32100,$41585.77,Peg o' My Heart
989,Sharron,Hendren,shendrenrg@discuz.net,Polygender,,$59902.53,Shadows of Liberty 
990,Elfie,Weedenburg,eweedenburgrh@prweb.com,Bigender,81010,$36501.57,Asoka (Ashoka the Great)
991,Carlie,Jenks,cjenksri@ameblo.jp,Bigender,,$27627.35,Girls Just Want to Have Fun
992,Barnard,Enders,bendersrj@feedburner.com,Female,62-056,$27581.56,Super Sucker
993,Janeen,Treadway,jtreadwayrk@hc360.com,Female,652900,$17839.86,Conman (Du Xia 1999)
994,Alexandro,Kendred,akendredrl@yellowpages.com,Agender,053467,$11538.44,Call Girl
995,Bogey,Gossart,bgossartrm@wsj.com,Non-binary,,$25382.25,"Carabineers, The (Carabiniers, Les)"
996,Berkley,Trinbey,btrinbeyrn@symantec.com,Bigender,,$80920.24,"Cairo Station (a.k.a. Iron Gate, The) (Bab el hadid)"
997,Nessa,Gorham,ngorhamro@state.gov,Female,125 71,$54865.32,Off the Menu: The Last Days of Chasen's
998,Donica,Waddoups,dwaddoupsrp@arstechnica.com,Genderqueer,53405,$49141.86,Rambo: First Blood Part II
999,Clarey,Hadden,chaddenrq@geocities.jp,Non-binary,7005-676,$60270.51,Tiny Toon Adventures: How I Spent My Vacation
1000,Cyrille,Cattermole,ccattermolerr@hibu.com,Polygender,,$28783.40,Scorpio
